"CodTransaccion","NroFormulario","codcampus","Marca","Categoria","tipo","Valor Unitario","Proveedor","NroSerial","EmpresaResponsable","Estado","Ubicacion","Nombre","codebar",
"001","001","cp00001","COMPUMAX","EQUIPO DE COMPUTO","mon","11000","Compumax Computer ","400SN39173","Campuslands","0","Salon Sputnik","cp-Bodg50-9051-900-0017 GMR ESC   ","*00001*",
"002","002","mon00002","COMPUMAX","EQUIPO DE COMPUTO","mon","11000","Compumax Computer ","COM2024CM21070723","Campuslands","0","Salon Sputnik","mon-Bodg50-9051-900-0017 GMR ESC   ","*00002*",
"003","003","te00003","COMPUMAX","EQUIPO DE COMPUTO","mon","11000","Compumax Computer ","KBM130091706","Campuslands","0","Salon Sputnik","te-Bodg50-9051-900-0017 GMR ESC   ","*00003*",
"004","004","mou00004","COMPUMAX","EQUIPO DE COMPUTO","mon","11000","Compumax Computer ","KBM130091713 ","Campuslands","0","Salon Sputnik","mou-Bodg50-9051-900-0017 GMR ESC   ","*00004*",
"005","005","cp00005","COMPUMAX","EQUIPO DE COMPUTO","mon","11000","Compumax Computer ","400SN39208","Campuslands","0","Salon Sputnik","cp-Bodg50-9051-900-0017 GMR ESC   ","*00005*",
"006","006","mon00006","COMPUMAX","EQUIPO DE COMPUTO","mon","11000","Compumax Computer ","COM2024CM21070880","Campuslands","0","Salon Sputnik","mon-Bodg50-9051-900-0017 GMR ESC   ","*00006*",
"007","007","te00007","COMPUMAX","EQUIPO DE COMPUTO","mon","11000","Compumax Computer ","KBM130090718","Campuslands","0","Salon Sputnik","te-Bodg50-9051-900-0017 GMR ESC   ","*00007*",
"008","008","mou00008","COMPUMAX","EQUIPO DE COMPUTO","mon","11000","Compumax Computer ","KBM130091713 ","Campuslands","0","Salon Sputnik","mou-Bodg50-9051-900-0017 GMR ESC   ","*00008*",
"009","009","cp00009","COMPUMAX","EQUIPO DE COMPUTO","mon","11000","Compumax Computer ","400SN39182","Campuslands","0","Salon Sputnik","cp-Bodg50-9051-900-0017 GMR ESC   ","*00009*",
"010","010","mon00010","COMPUMAX","EQUIPO DE COMPUTO","mon","11000","Compumax Computer ","COM2024CM21070018","Campuslands","0","Salon Sputnik","mon-Bodg50-9051-900-0017 GMR ESC   ","*00010*",
"011","011","te00011","COMPUMAX","EQUIPO DE COMPUTO","mon","11000","Compumax Computer ","KBM130090717","Campuslands","0","Salon Sputnik","te-Bodg50-9051-900-0017 GMR ESC   ","*00011*",
"012","012","mou00012","COMPUMAX","EQUIPO DE COMPUTO","mon","11000","Compumax Computer ","KBM130091713 ","Campuslands","0","Salon Sputnik","mou-Bodg50-9051-900-0017 GMR ESC   ","*00012*",
"013","013","cp00013","COMPUMAX","EQUIPO DE COMPUTO","mon","11000","Compumax Computer ","400SN39190","Campuslands","0","Salon Sputnik","cp-Bodg50-9051-900-0017 GMR ESC   ","*00013*",
"014","014","mon00014","COMPUMAX","EQUIPO DE COMPUTO","mon","11000","Compumax Computer ","COM2024CM21070876","Campuslands","0","Salon Sputnik","mon-Bodg50-9051-900-0017 GMR ESC   ","*00014*",
"015","015","te00015","COMPUMAX","EQUIPO DE COMPUTO","mon","11000","Compumax Computer ","KBM130090719","Campuslands","0","Salon Sputnik","te-Bodg50-9051-900-0017 GMR ESC   ","*00015*",
"016","016","mou00016","COMPUMAX","EQUIPO DE COMPUTO","mon","11000","Compumax Computer ","KBM130091713 ","Campuslands","0","Salon Sputnik","mou-Bodg50-9051-900-0017 GMR ESC   ","*00016*",
"017","017","cp00017","COMPUMAX","EQUIPO DE COMPUTO","mon","11000","Compumax Computer ","400SN39186","Campuslands","0","Salon Sputnik","cp-Bodg50-9051-900-0017 GMR ESC   ","*00017*",
"018","018","mon00018","COMPUMAX","EQUIPO DE COMPUTO","mon","11000","Compumax Computer ","COM2024CM21070838","Campuslands","0","Salon Sputnik","mon-Bodg50-9051-900-0017 GMR ESC   ","*00018*",
"019","019","te00019","COMPUMAX","EQUIPO DE COMPUTO","mon","11000","Compumax Computer ","KBM130091718","Campuslands","0","Salon Sputnik","te-Bodg50-9051-900-0017 GMR ESC   ","*00019*",
"020","020","mou00020","COMPUMAX","EQUIPO DE COMPUTO","mon","11000","Compumax Computer ","KBM130091713 ","Campuslands","0","Salon Sputnik","mou-Bodg50-9051-900-0017 GMR ESC   ","*00020*",
"021","021","cp00021","COMPUMAX","EQUIPO DE COMPUTO","mon","11000","Compumax Computer ","400SN39198","Campuslands","0","Salon Sputnik","cp-Bodg50-9051-900-0017 GMR ESC   ","*00021*",
"022","022","mon00022","COMPUMAX","EQUIPO DE COMPUTO","mon","11000","Compumax Computer ","COM2024CM21070638","Campuslands","0","Salon Sputnik","mon-Bodg50-9051-900-0017 GMR ESC   ","*00022*",
"023","023","te00023","COMPUMAX","EQUIPO DE COMPUTO","mon","11000","Compumax Computer ","KBM130091719","Campuslands","0","Salon Sputnik","te-Bodg50-9051-900-0017 GMR ESC   ","*00023*",
"024","024","mou00024","COMPUMAX","EQUIPO DE COMPUTO","mon","11000","Compumax Computer ","KBM130091713 ","Campuslands","0","Salon Sputnik","mou-Bodg50-9051-900-0017 GMR ESC   ","*00024*",
"025","025","cp00025","COMPUMAX","EQUIPO DE COMPUTO","mon","11000","Compumax Computer ","102SN55107","Campuslands","0","Salon Sputnik","cp-Bodg50-9051-900-0017 GMR ESC   ","*00025*",
"026","026","mon00026","COMPUMAX","EQUIPO DE COMPUTO","mon","11000","Compumax Computer ","COM2024CM21070037","Campuslands","0","Salon Sputnik","mon-Bodg50-9051-900-0017 GMR ESC   ","*00026*",
"027","027","te00027","COMPUMAX","EQUIPO DE COMPUTO","mon","11000","Compumax Computer ","KBM130091731","Campuslands","0","Salon Sputnik","te-Bodg50-9051-900-0017 GMR ESC   ","*00027*",
"028","028","mou00028","COMPUMAX","EQUIPO DE COMPUTO","mon","11000","Compumax Computer ","KBM130091713 ","Campuslands","0","Salon Sputnik","mou-Bodg50-9051-900-0017 GMR ESC   ","*00028*",
"029","029","cp00029","COMPUMAX","EQUIPO DE COMPUTO","mon","11000","Compumax Computer ","102SN55106","Campuslands","0","Salon Sputnik","cp-Bodg50-9051-900-0017 GMR ESC   ","*00029*",
"030","030","mon00030","COMPUMAX","EQUIPO DE COMPUTO","mon","11000","Compumax Computer ","COM2024CM21070115","Campuslands","0","Salon Sputnik","mon-Bodg50-9051-900-0017 GMR ESC   ","*00030*",
"031","031","te00031","COMPUMAX","EQUIPO DE COMPUTO","mon","11000","Compumax Computer ","KBM130091732","Campuslands","0","Salon Sputnik","te-Bodg50-9051-900-0017 GMR ESC   ","*00031*",
"032","032","mou00032","COMPUMAX","EQUIPO DE COMPUTO","mon","11000","Compumax Computer ","KBM130091713 ","Campuslands","0","Salon Sputnik","mou-Bodg50-9051-900-0017 GMR ESC   ","*00032*",
"033","033","cp00033","COMPUMAX","EQUIPO DE COMPUTO","mon","11000","Compumax Computer ","400SN39204","Campuslands","0","Salon Sputnik","cp-Bodg50-9051-900-0017 GMR ESC   ","*00033*",
"034","034","mon00034","COMPUMAX","EQUIPO DE COMPUTO","mon","11000","Compumax Computer ","COM2024CM21070874","Campuslands","0","Salon Sputnik","mon-Bodg50-9051-900-0017 GMR ESC   ","*00034*",
"035","035","te00035","COMPUMAX","EQUIPO DE COMPUTO","mon","11000","Compumax Computer ","KBM130090731","Campuslands","0","Salon Sputnik","te-Bodg50-9051-900-0017 GMR ESC   ","*00035*",
"036","036","mou00036","COMPUMAX","EQUIPO DE COMPUTO","mon","11000","Compumax Computer ","KBM130091713 ","Campuslands","0","Salon Sputnik","mou-Bodg50-9051-900-0017 GMR ESC   ","*00036*",
"037","037","cp00037","COMPUMAX","EQUIPO DE COMPUTO","mon","11000","Compumax Computer ","400SN39214","Campuslands","0","Salon Sputnik","cp-Bodg50-9051-900-0017 GMR ESC   ","*00037*",
"038","038","mon00038","COMPUMAX","EQUIPO DE COMPUTO","mon","11000","Compumax Computer ","COM2024CM21070105","Campuslands","0","Salon Sputnik","mon-Bodg50-9051-900-0017 GMR ESC   ","*00038*",
"039","039","te00039","COMPUMAX","EQUIPO DE COMPUTO","mon","11000","Compumax Computer ","KBM130090732","Campuslands","0","Salon Sputnik","te-Bodg50-9051-900-0017 GMR ESC   ","*00039*",
"040","040","mou00040","COMPUMAX","EQUIPO DE COMPUTO","mon","11000","Compumax Computer ","KBM130091713 ","Campuslands","0","Salon Sputnik","mou-Bodg50-9051-900-0017 GMR ESC   ","*00040*",
"041","041","cp00041","COMPUMAX","EQUIPO DE COMPUTO","mon","11000","Compumax Computer ","400SN39189","Campuslands","0","Salon Sputnik","cp-Bodg50-9051-900-0017 GMR ESC   ","*00041*",
"042","042","mon00042","COMPUMAX","EQUIPO DE COMPUTO","mon","11000","Compumax Computer ","COM2024CM21070010","Campuslands","0","Salon Sputnik","mon-Bodg50-9051-900-0017 GMR ESC   ","*00042*",
"043","043","te00043","COMPUMAX","EQUIPO DE COMPUTO","mon","11000","Compumax Computer ","KBM130091733","Campuslands","0","Salon Sputnik","te-Bodg50-9051-900-0017 GMR ESC   ","*00043*",
"044","044","mou00044","COMPUMAX","EQUIPO DE COMPUTO","mon","11000","Compumax Computer ","KBM130091713 ","Campuslands","0","Salon Sputnik","mou-Bodg50-9051-900-0017 GMR ESC   ","*00044*",
"045","045","cp00045","COMPUMAX","EQUIPO DE COMPUTO","mon","11000","Compumax Computer ","400SN39223","Campuslands","0","Salon Sputnik","cp-Bodg50-9051-900-0017 GMR ESC   ","*00045*",
"046","046","mon00046","COMPUMAX","EQUIPO DE COMPUTO","mon","11000","Compumax Computer ","COM2024CM21070109","Campuslands","0","Salon Sputnik","mon-Bodg50-9051-900-0017 GMR ESC   ","*00046*",
"047","047","te00047","COMPUMAX","EQUIPO DE COMPUTO","mon","11000","Compumax Computer ","KBM130090703","Campuslands","0","Salon Sputnik","te-Bodg50-9051-900-0017 GMR ESC   ","*00047*",
"048","048","mou00048","COMPUMAX","EQUIPO DE COMPUTO","mon","11000","Compumax Computer ","KBM130091713 ","Campuslands","0","Salon Sputnik","mou-Bodg50-9051-900-0017 GMR ESC   ","*00048*",
"049","049","cp00049","COMPUMAX","EQUIPO DE COMPUTO","mon","11000","Compumax Computer ","400SN39229","Campuslands","0","Salon Sputnik","cp-Bodg50-9051-900-0017 GMR ESC   ","*00049*",
"050","050","mon00050","COMPUMAX","EQUIPO DE COMPUTO","mon","11000","Compumax Computer ","COM2024CM21070502","Campuslands","0","Salon Sputnik","mon-Bodg50-9051-900-0017 GMR ESC   ","*00050*",
"051","051","te00051","COMPUMAX","EQUIPO DE COMPUTO","mon","11000","Compumax Computer ","KBM130090708","Campuslands","0","Salon Sputnik","te-Bodg50-9051-900-0017 GMR ESC   ","*00051*",
"052","052","mou00052","COMPUMAX","EQUIPO DE COMPUTO","mon","11000","Compumax Computer ","KBM130091713 ","Campuslands","0","Salon Sputnik","mou-Bodg50-9051-900-0017 GMR ESC   ","*00052*",
"053","053","cp00053","COMPUMAX","EQUIPO DE COMPUTO","mon","11000","Compumax Computer ","400SN39178","Campuslands","0","Salon Sputnik","cp-Bodg50-9051-900-0017 GMR ESC   ","*00053*",
"054","054","mon00054","COMPUMAX","EQUIPO DE COMPUTO","mon","11000","Compumax Computer ","COM2024CM21070136","Campuslands","0","Salon Sputnik","mon-Bodg50-9051-900-0017 GMR ESC   ","*00054*",
"055","055","te00055","COMPUMAX","EQUIPO DE COMPUTO","mon","11000","Compumax Computer ","KBM130091708","Campuslands","0","Salon Sputnik","te-Bodg50-9051-900-0017 GMR ESC   ","*00055*",
"056","056","mou00056","COMPUMAX","EQUIPO DE COMPUTO","mon","11000","Compumax Computer ","KBM130091713 ","Campuslands","0","Salon Sputnik","mou-Bodg50-9051-900-0017 GMR ESC   ","*00056*",
"057","057","cp00057","COMPUMAX","EQUIPO DE COMPUTO","mon","11000","Compumax Computer ","400SN39196","Campuslands","0","Salon Sputnik","cp-Bodg50-9051-900-0017 GMR ESC   ","*00057*",
"058","058","mon00058","COMPUMAX","EQUIPO DE COMPUTO","mon","11000","Compumax Computer ","COM2024CM21070001","Campuslands","0","Salon Sputnik","mon-Bodg50-9051-900-0017 GMR ESC   ","*00058*",
"059","059","te00059","COMPUMAX","EQUIPO DE COMPUTO","mon","11000","Compumax Computer ","KBM130091707","Campuslands","0","Salon Sputnik","te-Bodg50-9051-900-0017 GMR ESC   ","*00059*",
"060","060","mou00060","COMPUMAX","EQUIPO DE COMPUTO","mon","11000","Compumax Computer ","KBM130091713 ","Campuslands","0","Salon Sputnik","mou-Bodg50-9051-900-0017 GMR ESC   ","*00060*",
"061","061","cp00061","COMPUMAX","EQUIPO DE COMPUTO","mon","11000","Compumax Computer ","102SN55081","Campuslands","0","Salon Sputnik","cp-Bodg50-9051-900-0017 GMR ESC   ","*00061*",
"062","062","mon00062","COMPUMAX","EQUIPO DE COMPUTO","mon","11000","Compumax Computer ","COM2024CM21070846","Campuslands","0","Salon Sputnik","mon-Bodg50-9051-900-0017 GMR ESC   ","*00062*",
"063","063","te00063","COMPUMAX","EQUIPO DE COMPUTO","mon","11000","Compumax Computer ","KBM130090709","Campuslands","0","Salon Sputnik","te-Bodg50-9051-900-0017 GMR ESC   ","*00063*",
"064","064","mou00064","COMPUMAX","EQUIPO DE COMPUTO","mon","11000","Compumax Computer ","KBM130091713 ","Campuslands","0","Salon Sputnik","mou-Bodg50-9051-900-0017 GMR ESC   ","*00064*",
"065","065","cp00065","COMPUMAX","EQUIPO DE COMPUTO","mon","11000","Compumax Computer ","400SN39183","Campuslands","0","Salon Sputnik","cp-Bodg50-9051-900-0017 GMR ESC   ","*00065*",
"066","066","mon00066","COMPUMAX","EQUIPO DE COMPUTO","mon","11000","Compumax Computer ","COM2024CM21070211","Campuslands","0","Salon Sputnik","mon-Bodg50-9051-900-0017 GMR ESC   ","*00066*",
"067","067","te00067","COMPUMAX","EQUIPO DE COMPUTO","mon","11000","Compumax Computer ","KBM130091709","Campuslands","0","Salon Sputnik","te-Bodg50-9051-900-0017 GMR ESC   ","*00067*",
"068","068","mou00068","COMPUMAX","EQUIPO DE COMPUTO","mon","11000","Compumax Computer ","KBM130091713 ","Campuslands","0","Salon Sputnik","mou-Bodg50-9051-900-0017 GMR ESC   ","*00068*",
"069","069","cp00069","COMPUMAX","EQUIPO DE COMPUTO","mon","11000","Compumax Computer ","102SN55098","Campuslands","0","Salon Sputnik","cp-Bodg50-9051-900-0017 GMR ESC   ","*00069*",
"070","070","mon00070","COMPUMAX","EQUIPO DE COMPUTO","mon","11000","Compumax Computer ","COM2024CM21070733","Campuslands","0","Salon Sputnik","mon-Bodg50-9051-900-0017 GMR ESC   ","*00070*",
"071","071","te00071","COMPUMAX","EQUIPO DE COMPUTO","mon","11000","Compumax Computer ","KBM130090710","Campuslands","0","Salon Sputnik","te-Bodg50-9051-900-0017 GMR ESC   ","*00071*",
"072","072","mou00072","COMPUMAX","EQUIPO DE COMPUTO","mon","11000","Compumax Computer ","KBM130091713 ","Campuslands","0","Salon Sputnik","mou-Bodg50-9051-900-0017 GMR ESC   ","*00072*",
"073","073","cp00073","COMPUMAX","EQUIPO DE COMPUTO","mon","11000","Compumax Computer ","102SN55108","Campuslands","0","Salon Sputnik","cp-Bodg50-9051-900-0017 GMR ESC   ","*00073*",
"074","074","mon00074","COMPUMAX","EQUIPO DE COMPUTO","mon","11000","Compumax Computer ","COM2024CM21070287","Campuslands","0","Salon Sputnik","mon-Bodg50-9051-900-0017 GMR ESC   ","*00074*",
"075","075","te00075","COMPUMAX","EQUIPO DE COMPUTO","mon","11000","Compumax Computer ","KBM130091748","Campuslands","0","Salon Sputnik","te-Bodg50-9051-900-0017 GMR ESC   ","*00075*",
"076","076","mou00076","COMPUMAX","EQUIPO DE COMPUTO","mon","11000","Compumax Computer ","KBM130091713 ","Campuslands","0","Salon Sputnik","mou-Bodg50-9051-900-0017 GMR ESC   ","*00076*",
"077","077","cp00077","COMPUMAX","EQUIPO DE COMPUTO","mon","11000","Compumax Computer ","400SN39224","Campuslands","0","Salon Sputnik","cp-Bodg50-9051-900-0017 GMR ESC   ","*00077*",
"078","078","mon00078","COMPUMAX","EQUIPO DE COMPUTO","mon","11000","Compumax Computer ","COM2024CM21070629","Campuslands","0","Salon Sputnik","mon-Bodg50-9051-900-0017 GMR ESC   ","*00078*",
"079","079","te00079","COMPUMAX","EQUIPO DE COMPUTO","mon","11000","Compumax Computer ","KBM130090748","Campuslands","0","Salon Sputnik","te-Bodg50-9051-900-0017 GMR ESC   ","*00079*",
"080","080","mou00080","COMPUMAX","EQUIPO DE COMPUTO","mon","11000","Compumax Computer ","FKG23344T556","Campuslands","0","Salon Sputnik","mou-Bodg50-9051-900-0017 GMR ESC   ","*00080*",
"081","081","cp00081","COMPUMAX","EQUIPO DE COMPUTO","mon","11000","Compumax Computer ","400SN39179","Campuslands","0","Salon Sputnik","cp-Bodg50-9051-900-0017 GMR ESC   ","*00081*",
"082","082","mon00082","COMPUMAX","EQUIPO DE COMPUTO","mon","11000","Compumax Computer ","COM2024CM21070188","Campuslands","0","Salon Sputnik","mon-Bodg50-9051-900-0017 GMR ESC   ","*00082*",
"083","083","te00083","COMPUMAX","EQUIPO DE COMPUTO","mon","11000","Compumax Computer ","KBM130090749","Campuslands","0","Salon Sputnik","te-Bodg50-9051-900-0017 GMR ESC   ","*00083*",
"084","084","mou00084","COMPUMAX","EQUIPO DE COMPUTO","mon","11000","Compumax Computer ","KBM130091713 ","Campuslands","0","Salon Sputnik","mou-Bodg50-9051-900-0017 GMR ESC   ","*00084*",
"085","085","cp00085","COMPUMAX","EQUIPO DE COMPUTO","mon","11000","Compumax Computer ","102SN55092","Campuslands","0","Salon Sputnik","cp-Bodg50-9051-900-0017 GMR ESC   ","*00085*",
"086","086","mon00086","COMPUMAX","EQUIPO DE COMPUTO","mon","11000","Compumax Computer ","COM2024CM21070050","Campuslands","0","Salon Sputnik","mon-Bodg50-9051-900-0017 GMR ESC   ","*00086*",
"087","087","te00087","COMPUMAX","EQUIPO DE COMPUTO","mon","11000","Compumax Computer ","KBM130090705","Campuslands","0","Salon Sputnik","te-Bodg50-9051-900-0017 GMR ESC   ","*00087*",
"088","088","mou00088","COMPUMAX","EQUIPO DE COMPUTO","mon","11000","Compumax Computer ","KBM130091713 ","Campuslands","0","Salon Sputnik","mou-Bodg50-9051-900-0017 GMR ESC   ","*00088*",
"089","089","cp00089","COMPUMAX","EQUIPO DE COMPUTO","mon","11000","Compumax Computer ","400SN39187","Campuslands","0","Salon Sputnik","cp-Bodg50-9051-900-0017 GMR ESC   ","*00089*",
"090","090","mon00090","COMPUMAX","EQUIPO DE COMPUTO","mon","11000","Compumax Computer ","COM2024CM21070663","Campuslands","0","Salon Sputnik","mon-Bodg50-9051-900-0017 GMR ESC   ","*00090*",
"091","091","te00091","COMPUMAX","EQUIPO DE COMPUTO","mon","11000","Compumax Computer ","KBM130090733","Campuslands","0","Salon Sputnik","te-Bodg50-9051-900-0017 GMR ESC   ","*00091*",
"092","092","mou00092","COMPUMAX","EQUIPO DE COMPUTO","mon","11000","Compumax Computer ","KBM130091713 ","Campuslands","0","Salon Sputnik","mou-Bodg50-9051-900-0017 GMR ESC   ","*00092*",
"093","093","cp00093","COMPUMAX","EQUIPO DE COMPUTO","mon","11000","Compumax Computer ","400SN39200","Campuslands","0","Salon Sputnik","cp-Bodg50-9051-900-0017 GMR ESC   ","*00093*",
"094","094","mon00094","COMPUMAX","EQUIPO DE COMPUTO","mon","11000","Compumax Computer ","COM2024CM21070705","Campuslands","0","Salon Sputnik","mon-Bodg50-9051-900-0017 GMR ESC   ","*00094*",
"095","095","te00095","COMPUMAX","EQUIPO DE COMPUTO","mon","11000","Compumax Computer ","KBM130091705","Campuslands","0","Salon Sputnik","te-Bodg50-9051-900-0017 GMR ESC   ","*00095*",
"096","096","mou00096","COMPUMAX","EQUIPO DE COMPUTO","mon","11000","Compumax Computer ","KBM130091713 ","Campuslands","0","Salon Sputnik","mou-Bodg50-9051-900-0017 GMR ESC   ","*00096*",
"097","097","cp00097","COMPUMAX","EQUIPO DE COMPUTO","mon","11000","Compumax Computer ","102SN55091","Campuslands","0","Salon Sputnik","cp-Bodg50-9051-900-0017 GMR ESC   ","*00097*",
"098","098","mon00098","COMPUMAX","EQUIPO DE COMPUTO","mon","11000","Compumax Computer ","COM2024CM21070754","Campuslands","0","Salon Sputnik","mon-Bodg50-9051-900-0017 GMR ESC   ","*00098*",
"099","099","te00099","COMPUMAX","EQUIPO DE COMPUTO","mon","11000","Compumax Computer ","KBM130091701","Campuslands","0","Salon Sputnik","te-Bodg50-9051-900-0017 GMR ESC   ","*00099*",
"100","100","mou00100","COMPUMAX","EQUIPO DE COMPUTO","mon","11000","Compumax Computer ","KBM130091713 ","Campuslands","0","Salon Sputnik","mou-Bodg50-9051-900-0017 GMR ESC   ","*00100*",
"101","101","cp00101","COMPUMAX","EQUIPO DE COMPUTO","mon","11000","Compumax Computer ","400SN39237","Campuslands","0","Salon Sputnik","cp-Bodg50-9051-900-0017 GMR ESC   ","*00101*",
"102","102","mon00102","COMPUMAX","EQUIPO DE COMPUTO","mon","11000","Compumax Computer ","COM2024CM21070394","Campuslands","0","Salon Sputnik","mon-Bodg50-9051-900-0017 GMR ESC   ","*00102*",
"103","103","te00103","COMPUMAX","EQUIPO DE COMPUTO","mon","11000","Compumax Computer ","KBM130091751","Campuslands","0","Salon Sputnik","te-Bodg50-9051-900-0017 GMR ESC   ","*00103*",
"104","104","mou00104","COMPUMAX","EQUIPO DE COMPUTO","mon","11000","Compumax Computer ","KBM130091713 ","Campuslands","0","Salon Sputnik","mou-Bodg50-9051-900-0017 GMR ESC   ","*00104*",
"105","105","cp00105","COMPUMAX","EQUIPO DE COMPUTO","mon","11000","Compumax Computer ","102SN55099","Campuslands","0","Salon Sputnik","cp-Bodg50-9051-900-0017 GMR ESC   ","*00105*",
"106","106","mon00106","COMPUMAX","EQUIPO DE COMPUTO","mon","11000","Compumax Computer ","COM2024CM21070683","Campuslands","0","Salon Sputnik","mon-Bodg50-9051-900-0017 GMR ESC   ","*00106*",
"107","107","te00107","COMPUMAX","EQUIPO DE COMPUTO","mon","11000","Compumax Computer ","KBM130090751","Campuslands","0","Salon Sputnik","te-Bodg50-9051-900-0017 GMR ESC   ","*00107*",
"108","108","mou00108","COMPUMAX","EQUIPO DE COMPUTO","mon","11000","Compumax Computer ","KBM130091713 ","Campuslands","0","Salon Sputnik","mou-Bodg50-9051-900-0017 GMR ESC   ","*00108*",
"109","109","cp00109","COMPUMAX","EQUIPO DE COMPUTO","mon","11000","Compumax Computer ","400SN39184","Campuslands","0","Salon Sputnik","cp-Bodg50-9051-900-0017 GMR ESC   ","*00109*",
"110","110","mon00110","COMPUMAX","EQUIPO DE COMPUTO","mon","11000","Compumax Computer ","COM2024CM21070520","Campuslands","0","Salon Sputnik","mon-Bodg50-9051-900-0017 GMR ESC   ","*00110*",
"111","111","te00111","COMPUMAX","EQUIPO DE COMPUTO","mon","11000","Compumax Computer ","KBM130091717","Campuslands","0","Salon Sputnik","te-Bodg50-9051-900-0017 GMR ESC   ","*00111*",
"112","112","mou00112","COMPUMAX","EQUIPO DE COMPUTO","mon","11000","Compumax Computer ","KBM130091713 ","Campuslands","0","Salon Sputnik","mou-Bodg50-9051-900-0017 GMR ESC   ","*00112*",
"113","113","cp00113","COMPUMAX","EQUIPO DE COMPUTO","mon","11000","Compumax Computer ","400SN39180","Campuslands","0","Salon Sputnik","cp-Bodg50-9051-900-0017 GMR ESC   ","*00113*",
"114","114","mon00114","COMPUMAX","EQUIPO DE COMPUTO","mon","11000","Compumax Computer ","COM2024CM21070374","Campuslands","0","Salon Sputnik","mon-Bodg50-9051-900-0017 GMR ESC   ","*00114*",
"115","115","te00115","COMPUMAX","EQUIPO DE COMPUTO","mon","11000","Compumax Computer ","KBM130090704","Campuslands","0","Salon Sputnik","te-Bodg50-9051-900-0017 GMR ESC   ","*00115*",
"116","116","mou00116","COMPUMAX","EQUIPO DE COMPUTO","mon","11000","Compumax Computer ","KBM130091713 ","Campuslands","0","Salon Sputnik","mou-Bodg50-9051-900-0017 GMR ESC   ","*00116*",
"117","117","cp00117","COMPUMAX","EQUIPO DE COMPUTO","mon","11000","Compumax Computer ","400SN39199","Campuslands","0","Salon Sputnik","cp-Bodg50-9051-900-0017 GMR ESC   ","*00117*",
"118","118","mon00118","COMPUMAX","EQUIPO DE COMPUTO","mon","11000","Compumax Computer ","COM2024CM21070711","Campuslands","0","Salon Sputnik","mon-Bodg50-9051-900-0017 GMR ESC   ","*00118*",
"119","119","te00119","COMPUMAX","EQUIPO DE COMPUTO","mon","11000","Compumax Computer ","KBM130091715","Campuslands","0","Salon Sputnik","te-Bodg50-9051-900-0017 GMR ESC   ","*00119*",
"120","120","mou00120","COMPUMAX","EQUIPO DE COMPUTO","mon","11000","Compumax Computer ","KBM130091713 ","Campuslands","0","Salon Sputnik","mou-Bodg50-9051-900-0017 GMR ESC   ","*00120*",
"121","121","cp00121","COMPUMAX","EQUIPO DE COMPUTO","mon","11000","Compumax Computer ","102SN55105","Campuslands","0","Salon Sputnik","cp-Bodg50-9051-900-0017 GMR ESC   ","*00121*",
"122","122","mon00122","COMPUMAX","EQUIPO DE COMPUTO","mon","11000","Compumax Computer ","COM2024CM21070043","Campuslands","0","Salon Sputnik","mon-Bodg50-9051-900-0017 GMR ESC   ","*00122*",
"123","123","te00123","COMPUMAX","EQUIPO DE COMPUTO","mon","11000","Compumax Computer ","UD18J2C00169","Campuslands","0","Salon Sputnik","te-Bodg50-9051-900-0017 GMR ESC   ","*00123*",
"124","124","mou00124","COMPUMAX","EQUIPO DE COMPUTO","mon","11000","Compumax Computer ","KBM130091713 ","Campuslands","0","Salon Sputnik","mou-Bodg50-9051-900-0017 GMR ESC   ","*00124*",
"125","125","cp00125","COMPUMAX","EQUIPO DE COMPUTO","mon","11000","Compumax Computer ","102SN55097","Campuslands","0","Salon Sputnik","cp-Bodg50-9051-900-0017 GMR ESC   ","*00125*",
"126","126","mon00126","COMPUMAX","EQUIPO DE COMPUTO","mon","11000","Compumax Computer ","COM2024CM21070151","Campuslands","0","Salon Sputnik","mon-Bodg50-9051-900-0017 GMR ESC   ","*00126*",
"127","127","te00127","COMPUMAX","EQUIPO DE COMPUTO","mon","11000","Compumax Computer ","KBM130090716","Campuslands","0","Salon Sputnik","te-Bodg50-9051-900-0017 GMR ESC   ","*00127*",
"128","128","mou00128","COMPUMAX","EQUIPO DE COMPUTO","mon","11000","Compumax Computer ","KBM130091713 ","Campuslands","0","Salon Sputnik","mou-Bodg50-9051-900-0017 GMR ESC   ","*00128*",
"129","129","cp00129","COMPUMAX","EQUIPO DE COMPUTO","mon","11000","Compumax Computer ","102SN55104","Campuslands","0","Salon Sputnik","cp-Bodg50-9051-900-0017 GMR ESC   ","*00129*",
"130","130","mon00130","COMPUMAX","EQUIPO DE COMPUTO","mon","11000","Compumax Computer ","COM2024CM21070127","Campuslands","0","Salon Sputnik","mon-Bodg50-9051-900-0017 GMR ESC   ","*00130*",
"131","131","te00131","COMPUMAX","EQUIPO DE COMPUTO","mon","11000","Compumax Computer ","KBM130090715","Campuslands","0","Salon Sputnik","te-Bodg50-9051-900-0017 GMR ESC   ","*00131*",
"132","132","mou00132","COMPUMAX","EQUIPO DE COMPUTO","mon","11000","Compumax Computer ","KBM130091713 ","Campuslands","0","Salon Sputnik","mou-Bodg50-9051-900-0017 GMR ESC   ","*00132*",
"133","133","cp00133","COMPUMAX","EQUIPO DE COMPUTO","mon","11000","Compumax Computer ","102SN55084","Campuslands","0","Salon Sputnik","cp-Bodg50-9051-900-0017 GMR ESC   ","*00133*",
"134","134","mon00134","COMPUMAX","EQUIPO DE COMPUTO","mon","11000","Compumax Computer ","COM2024CM21070029","Campuslands","0","Salon Sputnik","mon-Bodg50-9051-900-0017 GMR ESC   ","*00134*",
"135","135","te00135","COMPUMAX","EQUIPO DE COMPUTO","mon","11000","Compumax Computer ","KBM130091714","Campuslands","0","Salon Sputnik","te-Bodg50-9051-900-0017 GMR ESC   ","*00135*",
"136","136","mou00136","COMPUMAX","EQUIPO DE COMPUTO","mon","11000","Compumax Computer ","KBM130091713 ","Campuslands","0","Salon Sputnik","mou-Bodg50-9051-900-0017 GMR ESC   ","*00136*",
"137","137","cp00137","COMPUMAX","EQUIPO DE COMPUTO","mon","11000","Compumax Computer ","400SN39194","Campuslands","0","Salon Sputnik","cp-Bodg50-9051-900-0017 GMR ESC   ","*00137*",
"138","138","mon00138","COMPUMAX","EQUIPO DE COMPUTO","mon","11000","Compumax Computer ","COM2024CM21070135","Campuslands","0","Salon Sputnik","mon-Bodg50-9051-900-0017 GMR ESC   ","*00138*",
"139","139","te00139","COMPUMAX","EQUIPO DE COMPUTO","mon","11000","Compumax Computer ","KBM130090714","Campuslands","0","Salon Sputnik","te-Bodg50-9051-900-0017 GMR ESC   ","*00139*",
"140","140","mou00140","COMPUMAX","EQUIPO DE COMPUTO","mon","11000","Compumax Computer ","KBM130091713 ","Campuslands","0","Salon Sputnik","mou-Bodg50-9051-900-0017 GMR ESC   ","*00140*",
"141","141","cp00141","COMPUMAX","EQUIPO DE COMPUTO","mon","11000","Compumax Computer ","KBM130091713 ","Campuslands","0","Salon Sputnik","cp-Bodg50-9048-900-0044 GMRESC R3","*00141*",
"142","142","cp00142","COMPUMAX","EQUIPO DE COMPUTO","mon","11000","Compumax Computer ","400SN39175","Campuslands","0","Salon Apolo","cp-Bodg50-9048-900-0044 GMRESC R3","*00142*",
"143","143","mon00143","COMPUMAX","EQUIPO DE COMPUTO","mon","11000","Compumax Computer ","COM2024CM21070257","Campuslands","0","Salon Apolo","mon-Bodg50-9048-900-0044 GMRESC R3","*00143*",
"144","144","te00144","COMPUMAX","EQUIPO DE COMPUTO","mon","11000","Compumax Computer ","KBM130091739","Campuslands","0","Salon Apolo","te-Bodg50-9048-900-0044 GMRESC R3","*00144*",
"145","145","mou00145","COMPUMAX","EQUIPO DE COMPUTO","mon","11000","Compumax Computer ","KBM130091713 ","Campuslands","0","Salon Apolo","mou-Bodg50-9048-900-0044 GMRESC R3","*00145*",
"146","146","cp00146","COMPUMAX","EQUIPO DE COMPUTO","mon","11000","Compumax Computer ","400SN39206","Campuslands","0","Salon Apolo","cp-Bodg50-9048-900-0044 GMRESC R3","*00146*",
"147","147","mon00147","COMPUMAX","EQUIPO DE COMPUTO","mon","11000","Compumax Computer ","COM2024CM21070609","Campuslands","0","Salon Apolo","mon-Bodg50-9048-900-0044 GMRESC R3","*00147*",
"148","148","te00148","COMPUMAX","EQUIPO DE COMPUTO","mon","11000","Compumax Computer ","KBM130091743","Campuslands","0","Salon Apolo","te-Bodg50-9048-900-0044 GMRESC R3","*00148*",
"149","149","mou00149","COMPUMAX","EQUIPO DE COMPUTO","mon","11000","Compumax Computer ","KBM130091713 ","Campuslands","0","Salon Apolo","mou-Bodg50-9048-900-0044 GMRESC R3","*00149*",
"150","150","cp00150","COMPUMAX","EQUIPO DE COMPUTO","mon","11000","Compumax Computer ","400SN39212","Campuslands","0","Salon Apolo","cp-Bodg50-9048-900-0044 GMRESC R3","*00150*",
"151","151","mon00151","COMPUMAX","EQUIPO DE COMPUTO","mon","11000","Compumax Computer ","COM2024CM21070778","Campuslands","0","Salon Apolo","mon-Bodg50-9048-900-0044 GMRESC R3","*00151*",
"152","152","te00152","COMPUMAX","EQUIPO DE COMPUTO","mon","11000","Compumax Computer ","KBM130090742","Campuslands","0","Salon Apolo","te-Bodg50-9048-900-0044 GMRESC R3","*00152*",
"153","153","mou00153","COMPUMAX","EQUIPO DE COMPUTO","mon","11000","Compumax Computer ","KBM130091713 ","Campuslands","0","Salon Apolo","mou-Bodg50-9048-900-0044 GMRESC R3","*00153*",
"154","154","cp00154","COMPUMAX","EQUIPO DE COMPUTO","mon","11000","Compumax Computer ","400SN39217","Campuslands","0","Salon Apolo","cp-Bodg50-9048-900-0044 GMRESC R3","*00154*",
"155","155","mon00155","COMPUMAX","EQUIPO DE COMPUTO","mon","11000","Compumax Computer ","COM2024CM21070069","Campuslands","0","Salon Apolo","mon-Bodg50-9048-900-0044 GMRESC R3","*00155*",
"156","156","te00156","COMPUMAX","EQUIPO DE COMPUTO","mon","11000","Compumax Computer ","KBM130091742","Campuslands","0","Salon Apolo","te-Bodg50-9048-900-0044 GMRESC R3","*00156*",
"157","157","mou00157","COMPUMAX","EQUIPO DE COMPUTO","mon","11000","Compumax Computer ","KBM130091713 ","Campuslands","0","Salon Apolo","mou-Bodg50-9048-900-0044 GMRESC R3","*00157*",
"158","158","cp00158","COMPUMAX","EQUIPO DE COMPUTO","mon","11000","Compumax Computer ","400SN39203","Campuslands","0","Salon Apolo","cp-Bodg50-9048-900-0044 GMRESC R3","*00158*",
"159","159","mon00159","COMPUMAX","EQUIPO DE COMPUTO","mon","11000","Compumax Computer ","COM2024CM21070349","Campuslands","0","Salon Apolo","mon-Bodg50-9048-900-0044 GMRESC R3","*00159*",
"160","160","te00160","COMPUMAX","EQUIPO DE COMPUTO","mon","11000","Compumax Computer ","KBM130090743","Campuslands","0","Salon Apolo","te-Bodg50-9048-900-0044 GMRESC R3","*00160*",
"161","161","mou00161","COMPUMAX","EQUIPO DE COMPUTO","mon","11000","Compumax Computer ","KBM130091713 ","Campuslands","0","Salon Apolo","mou-Bodg50-9048-900-0044 GMRESC R3","*00161*",
"162","162","cp00162","COMPUMAX","EQUIPO DE COMPUTO","mon","11000","Compumax Computer ","400SN39201","Campuslands","0","Salon Apolo","cp-Bodg50-9048-900-0044 GMRESC R3","*00162*",
"163","163","mon00163","COMPUMAX","EQUIPO DE COMPUTO","mon","11000","Compumax Computer ","COM2024CM21070004","Campuslands","0","Salon Apolo","mon-Bodg50-9048-900-0044 GMRESC R3","*00163*",
"164","164","te00164","COMPUMAX","EQUIPO DE COMPUTO","mon","11000","Compumax Computer ","KBM130091710","Campuslands","0","Salon Apolo","te-Bodg50-9048-900-0044 GMRESC R3","*00164*",
"165","165","mou00165","COMPUMAX","EQUIPO DE COMPUTO","mon","11000","Compumax Computer ","KBM130091713 ","Campuslands","0","Salon Apolo","mou-Bodg50-9048-900-0044 GMRESC R3","*00165*",
"166","166","cp00166","COMPUMAX","EQUIPO DE COMPUTO","mon","11000","Compumax Computer ","400SN39207","Campuslands","0","Salon Apolo","cp-Bodg50-9048-900-0044 GMRESC R3","*00166*",
"167","167","mon00167","COMPUMAX","EQUIPO DE COMPUTO","mon","11000","Compumax Computer ","COM2024CM21070727","Campuslands","0","Salon Apolo","mon-Bodg50-9048-900-0044 GMRESC R3","*00167*",
"168","168","te00168","COMPUMAX","EQUIPO DE COMPUTO","mon","11000","Compumax Computer ","KBM130090728","Campuslands","0","Salon Apolo","te-Bodg50-9048-900-0044 GMRESC R3","*00168*",
"169","169","mou00169","COMPUMAX","EQUIPO DE COMPUTO","mon","11000","Compumax Computer ","KBM130091713 ","Campuslands","0","Salon Apolo","mou-Bodg50-9048-900-0044 GMRESC R3","*00169*",
"170","170","cp00170","COMPUMAX","EQUIPO DE COMPUTO","mon","11000","Compumax Computer ","400SN39170","Campuslands","0","Salon Apolo","cp-Bodg50-9048-900-0044 GMRESC R3","*00170*",
"171","171","mon00171","COMPUMAX","EQUIPO DE COMPUTO","mon","11000","Compumax Computer ","COM2024CM21070063","Campuslands","0","Salon Apolo","mon-Bodg50-9048-900-0044 GMRESC R3","*00171*",
"172","172","te00172","COMPUMAX","EQUIPO DE COMPUTO","mon","11000","Compumax Computer ","KBM130090729","Campuslands","0","Salon Apolo","te-Bodg50-9048-900-0044 GMRESC R3","*00172*",
"173","173","mou00173","COMPUMAX","EQUIPO DE COMPUTO","mon","11000","Compumax Computer ","KBM130091713 ","Campuslands","0","Salon Apolo","mou-Bodg50-9048-900-0044 GMRESC R3","*00173*",
"174","174","cp00174","COMPUMAX","EQUIPO DE COMPUTO","mon","11000","Compumax Computer ","400SN39193","Campuslands","0","Salon Apolo","cp-Bodg50-9048-900-0044 GMRESC R3","*00174*",
"175","175","mon00175","COMPUMAX","EQUIPO DE COMPUTO","mon","11000","Compumax Computer ","COM2024CM21070203","Campuslands","0","Salon Apolo","mon-Bodg50-9048-900-0044 GMRESC R3","*00175*",
"176","176","te00176","COMPUMAX","EQUIPO DE COMPUTO","mon","11000","Compumax Computer ","KBM130091734","Campuslands","0","Salon Apolo","te-Bodg50-9048-900-0044 GMRESC R3","*00176*",
"177","177","mou00177","COMPUMAX","EQUIPO DE COMPUTO","mon","11000","Compumax Computer ","KBM130091713 ","Campuslands","0","Salon Apolo","mou-Bodg50-9048-900-0044 GMRESC R3","*00177*",
"178","178","cp00178","COMPUMAX","EQUIPO DE COMPUTO","mon","11000","Compumax Computer ","400SN39213","Campuslands","0","Salon Apolo","cp-Bodg50-9048-900-0044 GMRESC R3","*00178*",
"179","179","mon00179","COMPUMAX","EQUIPO DE COMPUTO","mon","11000","Compumax Computer ","COM2024CM21070517","Campuslands","0","Salon Apolo","mon-Bodg50-9048-900-0044 GMRESC R3","*00179*",
"180","180","te00180","COMPUMAX","EQUIPO DE COMPUTO","mon","11000","Compumax Computer ","KBM130090735","Campuslands","0","Salon Apolo","te-Bodg50-9048-900-0044 GMRESC R3","*00180*",
"181","181","mou00181","COMPUMAX","EQUIPO DE COMPUTO","mon","11000","Compumax Computer ","KBM130091713 ","Campuslands","0","Salon Apolo","mou-Bodg50-9048-900-0044 GMRESC R3","*00181*",
"182","182","cp00182","COMPUMAX","EQUIPO DE COMPUTO","mon","11000","Compumax Computer ","400SN39197","Campuslands","0","Salon Apolo","cp-Bodg50-9048-900-0044 GMRESC R3","*00182*",
"183","183","mon00183","COMPUMAX","EQUIPO DE COMPUTO","mon","11000","Compumax Computer ","COM2024CM21070007","Campuslands","0","Salon Apolo","mon-Bodg50-9048-900-0044 GMRESC R3","*00183*",
"184","184","te00184","COMPUMAX","EQUIPO DE COMPUTO","mon","11000","Compumax Computer ","KBM130090734","Campuslands","0","Salon Apolo","te-Bodg50-9048-900-0044 GMRESC R3","*00184*",
"185","185","mou00185","COMPUMAX","EQUIPO DE COMPUTO","mon","11000","Compumax Computer ","KBM130091713 ","Campuslands","0","Salon Apolo","mou-Bodg50-9048-900-0044 GMRESC R3","*00185*",
"186","186","cp00186","COMPUMAX","EQUIPO DE COMPUTO","mon","11000","Compumax Computer ","102SN55078","Campuslands","0","Salon Apolo","cp-Bodg50-9048-900-0044 GMRESC R3","*00186*",
"187","187","mon00187","COMPUMAX","EQUIPO DE COMPUTO","mon","11000","Compumax Computer ","COM2024CM21070008","Campuslands","0","Salon Apolo","mon-Bodg50-9048-900-0044 GMRESC R3","*00187*",
"188","188","te00188","COMPUMAX","EQUIPO DE COMPUTO","mon","11000","Compumax Computer ","KBM130090750","Campuslands","0","Salon Apolo","te-Bodg50-9048-900-0044 GMRESC R3","*00188*",
"189","189","mou00189","COMPUMAX","EQUIPO DE COMPUTO","mon","11000","Compumax Computer ","KBM130091713 ","Campuslands","0","Salon Apolo","mou-Bodg50-9048-900-0044 GMRESC R3","*00189*",
"190","190","cp00190","COMPUMAX","EQUIPO DE COMPUTO","mon","11000","Compumax Computer ","102SN55085","Campuslands","0","Salon Apolo","cp-Bodg50-9048-900-0044 GMRESC R3","*00190*",
"191","191","mon00191","COMPUMAX","EQUIPO DE COMPUTO","mon","11000","Compumax Computer ","COM2024CM21070117","Campuslands","0","Salon Apolo","mon-Bodg50-9048-900-0044 GMRESC R3","*00191*",
"192","192","te00192","COMPUMAX","EQUIPO DE COMPUTO","mon","11000","Compumax Computer ","KBM130091713","Campuslands","0","Salon Apolo","te-Bodg50-9048-900-0044 GMRESC R3","*00192*",
"193","193","mou00193","COMPUMAX","EQUIPO DE COMPUTO","mon","11000","Compumax Computer ","KBM130091713 ","Campuslands","0","Salon Apolo","mou-Bodg50-9048-900-0044 GMRESC R3","*00193*",
"194","194","cp00194","COMPUMAX","EQUIPO DE COMPUTO","mon","11000","Compumax Computer ","400SN39233","Campuslands","0","Salon Apolo","cp-Bodg50-9048-900-0044 GMRESC R3","*00194*",
"195","195","mon00195","COMPUMAX","EQUIPO DE COMPUTO","mon","11000","Compumax Computer ","COM2024CM21070277","Campuslands","0","Salon Apolo","mon-Bodg50-9048-900-0044 GMRESC R3","*00195*",
"196","196","te00196","COMPUMAX","EQUIPO DE COMPUTO","mon","11000","Compumax Computer ","KBM130090713","Campuslands","0","Salon Apolo","te-Bodg50-9048-900-0044 GMRESC R3","*00196*",
"197","197","mou00197","COMPUMAX","EQUIPO DE COMPUTO","mon","11000","Compumax Computer ","KBM130091713 ","Campuslands","0","Salon Apolo","mou-Bodg50-9048-900-0044 GMRESC R3","*00197*",
"198","198","cp00198","COMPUMAX","EQUIPO DE COMPUTO","mon","11000","Compumax Computer ","102SN55082","Campuslands","0","Salon Apolo","cp-Bodg50-9048-900-0044 GMRESC R3","*00198*",
"199","199","mon00199","COMPUMAX","EQUIPO DE COMPUTO","mon","11000","Compumax Computer ","COM2024CM21070406","Campuslands","0","Salon Apolo","mon-Bodg50-9048-900-0044 GMRESC R3","*00199*",
"200","200","te00200","COMPUMAX","EQUIPO DE COMPUTO","mon","11000","Compumax Computer ","KBM130091712","Campuslands","0","Salon Apolo","te-Bodg50-9048-900-0044 GMRESC R3","*00200*",
"201","201","mou00201","COMPUMAX","EQUIPO DE COMPUTO","mon","11000","Compumax Computer ","KBM130091713 ","Campuslands","0","Salon Apolo","mou-Bodg50-9048-900-0044 GMRESC R3","*00201*",
"202","202","cp00202","COMPUMAX","EQUIPO DE COMPUTO","mon","11000","Compumax Computer ","102SN55101","Campuslands","0","Salon Apolo","cp-Bodg50-9048-900-0044 GMRESC R3","*00202*",
"203","203","mon00203","COMPUMAX","EQUIPO DE COMPUTO","mon","11000","Compumax Computer ","COM2024CM21070557","Campuslands","0","Salon Apolo","mon-Bodg50-9048-900-0044 GMRESC R3","*00203*",
"204","204","te00204","COMPUMAX","EQUIPO DE COMPUTO","mon","11000","Compumax Computer ","KBM130091711","Campuslands","0","Salon Apolo","te-Bodg50-9048-900-0044 GMRESC R3","*00204*",
"205","205","mou00205","COMPUMAX","EQUIPO DE COMPUTO","mon","11000","Compumax Computer ","KBM130091713 ","Campuslands","0","Salon Apolo","mou-Bodg50-9048-900-0044 GMRESC R3","*00205*",
"206","206","cp00206","COMPUMAX","EQUIPO DE COMPUTO","mon","11000","Compumax Computer ","400SN39192","Campuslands","0","Salon Apolo","cp-Bodg50-9048-900-0044 GMRESC R3","*00206*",
"207","207","mon00207","COMPUMAX","EQUIPO DE COMPUTO","mon","11000","Compumax Computer ","COM2024CM21070853","Campuslands","0","Salon Apolo","mon-Bodg50-9048-900-0044 GMRESC R3","*00207*",
"208","208","te00208","COMPUMAX","EQUIPO DE COMPUTO","mon","11000","Compumax Computer ","KBM130090712","Campuslands","0","Salon Apolo","te-Bodg50-9048-900-0044 GMRESC R3","*00208*",
"209","209","mou00209","COMPUMAX","EQUIPO DE COMPUTO","mon","11000","Compumax Computer ","KBM130091713 ","Campuslands","0","Salon Apolo","mou-Bodg50-9048-900-0044 GMRESC R3","*00209*",
"210","210","cp00210","COMPUMAX","EQUIPO DE COMPUTO","mon","11000","Compumax Computer ","400SN39181","Campuslands","0","Salon Apolo","cp-Bodg50-9048-900-0044 GMRESC R3","*00210*",
"211","211","mon00211","COMPUMAX","EQUIPO DE COMPUTO","mon","11000","Compumax Computer ","COM2024CM21070893","Campuslands","0","Salon Apolo","mon-Bodg50-9048-900-0044 GMRESC R3","*00211*",
"212","212","te00212","COMPUMAX","EQUIPO DE COMPUTO","mon","11000","Compumax Computer ","KBM130090711","Campuslands","0","Salon Apolo","te-Bodg50-9048-900-0044 GMRESC R3","*00212*",
"213","213","mou00213","COMPUMAX","EQUIPO DE COMPUTO","mon","11000","Compumax Computer ","KBM130091713 ","Campuslands","0","Salon Apolo","mou-Bodg50-9048-900-0044 GMRESC R3","*00213*",
"214","214","cp00214","COMPUMAX","EQUIPO DE COMPUTO","mon","11000","Compumax Computer ","400SN39195","Campuslands","0","Salon Apolo","cp-Bodg50-9048-900-0044 GMRESC R3","*00214*",
"215","215","mon00215","COMPUMAX","EQUIPO DE COMPUTO","mon","11000","Compumax Computer ","COM2024CM21070898","Campuslands","0","Salon Apolo","mon-Bodg50-9048-900-0044 GMRESC R3","*00215*",
"216","216","te00216","COMPUMAX","EQUIPO DE COMPUTO","mon","11000","Compumax Computer ","KBM130091741","Campuslands","0","Salon Apolo","te-Bodg50-9048-900-0044 GMRESC R3","*00216*",
"217","217","mou00217","COMPUMAX","EQUIPO DE COMPUTO","mon","11000","Compumax Computer ","KBM130091713 ","Campuslands","0","Salon Apolo","mou-Bodg50-9048-900-0044 GMRESC R3","*00217*",
"218","218","cp00218","COMPUMAX","EQUIPO DE COMPUTO","mon","11000","Compumax Computer ","400SN39232","Campuslands","0","Salon Apolo","cp-Bodg50-9048-900-0044 GMRESC R3","*00218*",
"219","219","mon00219","COMPUMAX","EQUIPO DE COMPUTO","mon","11000","Compumax Computer ","COM2024CM21070400","Campuslands","0","Salon Apolo","mon-Bodg50-9048-900-0044 GMRESC R3","*00219*",
"220","220","te00220","COMPUMAX","EQUIPO DE COMPUTO","mon","11000","Compumax Computer ","KBM130091740","Campuslands","0","Salon Apolo","te-Bodg50-9048-900-0044 GMRESC R3","*00220*",
"221","221","mou00221","COMPUMAX","EQUIPO DE COMPUTO","mon","11000","Compumax Computer ","KBM130091713 ","Campuslands","0","Salon Apolo","mou-Bodg50-9048-900-0044 GMRESC R3","*00221*",
"222","222","cp00222","COMPUMAX","EQUIPO DE COMPUTO","mon","11000","Compumax Computer ","400SN39231","Campuslands","0","Salon Apolo","cp-Bodg50-9048-900-0044 GMRESC R3","*00222*",
"223","223","mon00223","COMPUMAX","EQUIPO DE COMPUTO","mon","11000","Compumax Computer ","COM2024CM21070761","Campuslands","0","Salon Apolo","mon-Bodg50-9048-900-0044 GMRESC R3","*00223*",
"224","224","te00224","COMPUMAX","EQUIPO DE COMPUTO","mon","11000","Compumax Computer ","KBM130090739","Campuslands","0","Salon Apolo","te-Bodg50-9048-900-0044 GMRESC R3","*00224*",
"225","225","mou00225","COMPUMAX","EQUIPO DE COMPUTO","mon","11000","Compumax Computer ","KBM130091713 ","Campuslands","0","Salon Apolo","mou-Bodg50-9048-900-0044 GMRESC R3","*00225*",
"226","226","cp00226","COMPUMAX","EQUIPO DE COMPUTO","mon","11000","Compumax Computer ","400SN39171","Campuslands","0","Salon Apolo","cp-Bodg50-9048-900-0044 GMRESC R3","*00226*",
"227","227","mon00227","COMPUMAX","EQUIPO DE COMPUTO","mon","11000","Compumax Computer ","COM2024CM21070534","Campuslands","0","Salon Apolo","mon-Bodg50-9048-900-0044 GMRESC R3","*00227*",
"228","228","te00228","COMPUMAX","EQUIPO DE COMPUTO","mon","11000","Compumax Computer ","KBM130090741","Campuslands","0","Salon Apolo","te-Bodg50-9048-900-0044 GMRESC R3","*00228*",
"229","229","mou00229","COMPUMAX","EQUIPO DE COMPUTO","mon","11000","Compumax Computer ","KBM130091713 ","Campuslands","0","Salon Apolo","mou-Bodg50-9048-900-0044 GMRESC R3","*00229*",
"230","230","cp00230","COMPUMAX","EQUIPO DE COMPUTO","mon","11000","Compumax Computer ","400SN39220","Campuslands","0","Salon Apolo","cp-Bodg50-9048-900-0044 GMRESC R3","*00230*",
"231","231","mon00231","COMPUMAX","EQUIPO DE COMPUTO","mon","11000","Compumax Computer ","COM2024CM21070017","Campuslands","0","Salon Apolo","mon-Bodg50-9048-900-0044 GMRESC R3","*00231*",
"232","232","te00232","COMPUMAX","EQUIPO DE COMPUTO","mon","11000","Compumax Computer ","KBM130091750","Campuslands","0","Salon Apolo","te-Bodg50-9048-900-0044 GMRESC R3","*00232*",
"233","233","mou00233","COMPUMAX","EQUIPO DE COMPUTO","mon","11000","Compumax Computer ","KBM130091713 ","Campuslands","0","Salon Apolo","mou-Bodg50-9048-900-0044 GMRESC R3","*00233*",
"234","234","cp00234","COMPUMAX","EQUIPO DE COMPUTO","mon","11000","Compumax Computer ","102SN55100","Campuslands","0","Salon Apolo","cp-Bodg50-9048-900-0044 GMRESC R3","*00234*",
"235","235","mon00235","COMPUMAX","EQUIPO DE COMPUTO","mon","11000","Compumax Computer ","COM2024CM21070281","Campuslands","0","Salon Apolo","mon-Bodg50-9048-900-0044 GMRESC R3","*00235*",
"236","236","te00236","COMPUMAX","EQUIPO DE COMPUTO","mon","11000","Compumax Computer ","KBM130091749","Campuslands","0","Salon Apolo","te-Bodg50-9048-900-0044 GMRESC R3","*00236*",
"237","237","mou00237","COMPUMAX","EQUIPO DE COMPUTO","mon","11000","Compumax Computer ","KBM130091713 ","Campuslands","0","Salon Apolo","mou-Bodg50-9048-900-0044 GMRESC R3","*00237*",
"238","238","cp00238","COMPUMAX","EQUIPO DE COMPUTO","mon","11000","Compumax Computer ","400SN39236","Campuslands","0","Salon Apolo","cp-Bodg50-9048-900-0044 GMRESC R3","*00238*",
"239","239","mon00239","COMPUMAX","EQUIPO DE COMPUTO","mon","11000","Compumax Computer ","COM2024CM21070205","Campuslands","0","Salon Apolo","mon-Bodg50-9048-900-0044 GMRESC R3","*00239*",
"240","240","te00240","COMPUMAX","EQUIPO DE COMPUTO","mon","11000","Compumax Computer ","KBM130090740","Campuslands","0","Salon Apolo","te-Bodg50-9048-900-0044 GMRESC R3","*00240*",
"241","241","mou00241","COMPUMAX","EQUIPO DE COMPUTO","mon","11000","Compumax Computer ","KBM130091713 ","Campuslands","0","Salon Apolo","mou-Bodg50-9048-900-0044 GMRESC R3","*00241*",
"242","242","cp00242","COMPUMAX","EQUIPO DE COMPUTO","mon","11000","Compumax Computer ","400SN39216","Campuslands","0","Salon Apolo","cp-Bodg50-9048-900-0044 GMRESC R3","*00242*",
"243","243","mon00243","COMPUMAX","EQUIPO DE COMPUTO","mon","11000","Compumax Computer ","COM2024CM21070041","Campuslands","0","Salon Apolo","mon-Bodg50-9048-900-0044 GMRESC R3","*00243*",
"244","244","te00244","COMPUMAX","EQUIPO DE COMPUTO","mon","11000","Compumax Computer ","KBM130091728","Campuslands","0","Salon Apolo","te-Bodg50-9048-900-0044 GMRESC R3","*00244*",
"245","245","mou00245","COMPUMAX","EQUIPO DE COMPUTO","mon","11000","Compumax Computer ","KBM130091713 ","Campuslands","0","Salon Apolo","mou-Bodg50-9048-900-0044 GMRESC R3","*00245*",
"246","246","cp00246","COMPUMAX","EQUIPO DE COMPUTO","mon","11000","Compumax Computer ","400SN39176","Campuslands","0","Salon Apolo","cp-Bodg50-9048-900-0044 GMRESC R3","*00246*",
"247","247","mon00247","COMPUMAX","EQUIPO DE COMPUTO","mon","11000","Compumax Computer ","COM2024CM21070712","Campuslands","0","Salon Apolo","mon-Bodg50-9048-900-0044 GMRESC R3","*00247*",
"248","248","te00248","COMPUMAX","EQUIPO DE COMPUTO","mon","11000","Compumax Computer ","KBM130090727","Campuslands","0","Salon Apolo","te-Bodg50-9048-900-0044 GMRESC R3","*00248*",
"249","249","mou00249","COMPUMAX","EQUIPO DE COMPUTO","mon","11000","Compumax Computer ","KBM130091713 ","Campuslands","0","Salon Apolo","mou-Bodg50-9048-900-0044 GMRESC R3","*00249*",
"250","250","cp00250","COMPUMAX","EQUIPO DE COMPUTO","mon","11000","Compumax Computer ","102SN55077","Campuslands","0","Salon Apolo","cp-Bodg50-9048-900-0044 GMRESC R3","*00250*",
"251","251","mon00251","COMPUMAX","EQUIPO DE COMPUTO","mon","11000","Compumax Computer ","COM2024CM21070129","Campuslands","0","Salon Apolo","mon-Bodg50-9048-900-0044 GMRESC R3","*00251*",
"252","252","te00252","COMPUMAX","EQUIPO DE COMPUTO","mon","11000","Compumax Computer ","KBM130091727","Campuslands","0","Salon Apolo","te-Bodg50-9048-900-0044 GMRESC R3","*00252*",
"253","253","mou00253","COMPUMAX","EQUIPO DE COMPUTO","mon","11000","Compumax Computer ","KBM130091713 ","Campuslands","0","Salon Apolo","mou-Bodg50-9048-900-0044 GMRESC R3","*00253*",
"254","254","cp00254","COMPUMAX","EQUIPO DE COMPUTO","mon","11000","Compumax Computer ","400SN39211","Campuslands","0","Salon Apolo","cp-Bodg50-9048-900-0044 GMRESC R3","*00254*",
"255","255","mon00255","COMPUMAX","EQUIPO DE COMPUTO","mon","11000","Compumax Computer ","COM2024CM21070140","Campuslands","0","Salon Apolo","mon-Bodg50-9048-900-0044 GMRESC R3","*00255*",
"256","256","te00256","COMPUMAX","EQUIPO DE COMPUTO","mon","11000","Compumax Computer ","KBM130091726","Campuslands","0","Salon Apolo","te-Bodg50-9048-900-0044 GMRESC R3","*00256*",
"257","257","mou00257","COMPUMAX","EQUIPO DE COMPUTO","mon","11000","Compumax Computer ","KBM130091713 ","Campuslands","0","Salon Apolo","mou-Bodg50-9048-900-0044 GMRESC R3","*00257*",
"258","258","cp00258","COMPUMAX","EQUIPO DE COMPUTO","mon","11000","Compumax Computer ","400SN39219","Campuslands","0","Salon Apolo","cp-Bodg50-9048-900-0044 GMRESC R3","*00258*",
"259","259","mon00259","COMPUMAX","EQUIPO DE COMPUTO","mon","11000","Compumax Computer ","COM2024CM21070316","Campuslands","0","Salon Apolo","mon-Bodg50-9048-900-0044 GMRESC R3","*00259*",
"260","260","te00260","COMPUMAX","EQUIPO DE COMPUTO","mon","11000","Compumax Computer ","KBM130090725","Campuslands","0","Salon Apolo","te-Bodg50-9048-900-0044 GMRESC R3","*00260*",
"261","261","mou00261","COMPUMAX","EQUIPO DE COMPUTO","mon","11000","Compumax Computer ","KBM130091713 ","Campuslands","0","Salon Apolo","mou-Bodg50-9048-900-0044 GMRESC R3","*00261*",
"262","262","cp00262","COMPUMAX","EQUIPO DE COMPUTO","mon","11000","Compumax Computer ","102SN55093","Campuslands","0","Salon Apolo","cp-Bodg50-9048-900-0044 GMRESC R3","*00262*",
"263","263","mon00263","COMPUMAX","EQUIPO DE COMPUTO","mon","11000","Compumax Computer ","COM2024CM21070153","Campuslands","0","Salon Apolo","mon-Bodg50-9048-900-0044 GMRESC R3","*00263*",
"264","264","te00264","COMPUMAX","EQUIPO DE COMPUTO","mon","11000","Compumax Computer ","KBM130090726","Campuslands","0","Salon Apolo","te-Bodg50-9048-900-0044 GMRESC R3","*00264*",
"265","265","mou00265","COMPUMAX","EQUIPO DE COMPUTO","mon","11000","Compumax Computer ","KBM130091713 ","Campuslands","0","Salon Apolo","mou-Bodg50-9048-900-0044 GMRESC R3","*00265*",
"266","266","cp00266","COMPUMAX","EQUIPO DE COMPUTO","mon","11000","Compumax Computer ","400SN39210","Campuslands","0","Salon Apolo","cp-Bodg50-9048-900-0044 GMRESC R3","*00266*",
"267","267","mon00267","COMPUMAX","EQUIPO DE COMPUTO","mon","11000","Compumax Computer ","COM2024CM21070744","Campuslands","0","Salon Apolo","mon-Bodg50-9048-900-0044 GMRESC R3","*00267*",
"268","268","te00268","COMPUMAX","EQUIPO DE COMPUTO","mon","11000","Compumax Computer ","KBM130091752","Campuslands","0","Salon Apolo","te-Bodg50-9048-900-0044 GMRESC R3","*00268*",
"269","269","mou00269","COMPUMAX","EQUIPO DE COMPUTO","mon","11000","Compumax Computer ","KBM130091713 ","Campuslands","0","Salon Apolo","mou-Bodg50-9048-900-0044 GMRESC R3","*00269*",
"270","270","cp00270","COMPUMAX","EQUIPO DE COMPUTO","mon","11000","Compumax Computer ","400SN39168","Campuslands","0","Salon Apolo","cp-Bodg50-9048-900-0044 GMRESC R3","*00270*",
"271","271","mon00271","COMPUMAX","EQUIPO DE COMPUTO","mon","11000","Compumax Computer ","COM2024CM21070830","Campuslands","0","Salon Apolo","mon-Bodg50-9048-900-0044 GMRESC R3","*00271*",
"272","272","te00272","COMPUMAX","EQUIPO DE COMPUTO","mon","11000","Compumax Computer ","KBM130090753","Campuslands","0","Salon Apolo","te-Bodg50-9048-900-0044 GMRESC R3","*00272*",
"273","273","mou00273","COMPUMAX","EQUIPO DE COMPUTO","mon","11000","Compumax Computer ","KBM130091713 ","Campuslands","0","Salon Apolo","mou-Bodg50-9048-900-0044 GMRESC R3","*00273*",
"274","274","cp00274","COMPUMAX","EQUIPO DE COMPUTO","mon","11000","Compumax Computer ","400SN39191","Campuslands","0","Salon Apolo","cp-Bodg50-9048-900-0044 GMRESC R3","*00274*",
"275","275","mon00275","COMPUMAX","EQUIPO DE COMPUTO","mon","11000","Compumax Computer ","COM2024CM21070407","Campuslands","0","Salon Apolo","mon-Bodg50-9048-900-0044 GMRESC R3","*00275*",
"276","276","te00276","COMPUMAX","EQUIPO DE COMPUTO","mon","11000","Compumax Computer ","KBM130091753","Campuslands","0","Salon Apolo","te-Bodg50-9048-900-0044 GMRESC R3","*00276*",
"277","277","mou00277","COMPUMAX","EQUIPO DE COMPUTO","mon","11000","Compumax Computer ","KBM130091713 ","Campuslands","0","Salon Apolo","mou-Bodg50-9048-900-0044 GMRESC R3","*00277*",
"278","278","cp00278","COMPUMAX","EQUIPO DE COMPUTO","mon","11000","Compumax Computer ","102SN55080","Campuslands","0","Salon Artemis ","cp-Bodg50-9048-900-0044 GMRESC R3","*00278*",
"279","279","mon00279","COMPUMAX","EQUIPO DE COMPUTO","mon","11000","Compumax Computer ","COM2024CM21070498","Campuslands","0","Salon Artemis ","mon-Bodg50-9048-900-0044 GMRESC R3","*00279*",
"280","280","te00280","COMPUMAX","EQUIPO DE COMPUTO","mon","11000","Compumax Computer ","KBM130090722","Campuslands","0","Salon Artemis ","te-Bodg50-9048-900-0044 GMRESC R3","*00280*",
"281","281","mou00281","COMPUMAX","EQUIPO DE COMPUTO","mon","11000","Compumax Computer ","KBM130091713 ","Campuslands","0","Salon Artemis ","mou-Bodg50-9048-900-0044 GMRESC R3","*00281*",
"282","282","cp00282","COMPUMAX","EQUIPO DE COMPUTO","mon","11000","Compumax Computer ","400SN39221","Campuslands","0","Salon Artemis ","cp-Bodg50-9048-900-0044 GMRESC R3","*00282*",
"283","283","mon00283","COMPUMAX","EQUIPO DE COMPUTO","mon","11000","Compumax Computer ","COM2024CM21070464","Campuslands","0","Salon Artemis ","mon-Bodg50-9048-900-0044 GMRESC R3","*00283*",
"284","284","te00284","COMPUMAX","EQUIPO DE COMPUTO","mon","11000","Compumax Computer ","KBM130090723","Campuslands","0","Salon Artemis ","te-Bodg50-9048-900-0044 GMRESC R3","*00284*",
"285","285","mou00285","COMPUMAX","EQUIPO DE COMPUTO","mon","11000","Compumax Computer ","KBM130091713 ","Campuslands","0","Salon Artemis ","mou-Bodg50-9048-900-0044 GMRESC R3","*00285*",
"286","286","cp00286","COMPUMAX","EQUIPO DE COMPUTO","mon","11000","Compumax Computer ","400SN39230","Campuslands","0","Salon Artemis ","cp-Bodg50-9048-900-0044 GMRESC R3","*00286*",
"287","287","mon00287","COMPUMAX","EQUIPO DE COMPUTO","mon","11000","Compumax Computer ","COM2024CM21070504","Campuslands","0","Salon Artemis ","mon-Bodg50-9048-900-0044 GMRESC R3","*00287*",
"288","288","te00288","COMPUMAX","EQUIPO DE COMPUTO","mon","11000","Compumax Computer ","KBM130091725","Campuslands","0","Salon Artemis ","te-Bodg50-9048-900-0044 GMRESC R3","*00288*",
"289","289","mou00289","COMPUMAX","EQUIPO DE COMPUTO","mon","11000","Compumax Computer ","KBM130091713 ","Campuslands","0","Salon Artemis ","mou-Bodg50-9048-900-0044 GMRESC R3","*00289*",
"290","290","cp00290","COMPUMAX","EQUIPO DE COMPUTO","mon","11000","Compumax Computer ","102SN55089","Campuslands","0","Salon Artemis ","cp-Bodg50-9048-900-0044 GMRESC R3","*00290*",
"291","291","mon00291","COMPUMAX","EQUIPO DE COMPUTO","mon","11000","Compumax Computer ","COM2024CM21070338","Campuslands","0","Salon Artemis ","mon-Bodg50-9048-900-0044 GMRESC R3","*00291*",
"292","292","te00292","COMPUMAX","EQUIPO DE COMPUTO","mon","11000","Compumax Computer ","KBM130091737","Campuslands","0","Salon Artemis ","te-Bodg50-9048-900-0044 GMRESC R3","*00292*",
"293","293","mou00293","COMPUMAX","EQUIPO DE COMPUTO","mon","11000","Compumax Computer ","KBM130091713 ","Campuslands","0","Salon Artemis ","mou-Bodg50-9048-900-0044 GMRESC R3","*00293*",
"294","294","cp00294","COMPUMAX","EQUIPO DE COMPUTO","mon","11000","Compumax Computer ","400SN39202","Campuslands","0","Salon Artemis ","cp-Bodg50-9048-900-0044 GMRESC R3","*00294*",
"295","295","mon00295","COMPUMAX","EQUIPO DE COMPUTO","mon","11000","Compumax Computer ","COM2024CM21070759","Campuslands","0","Salon Artemis ","mon-Bodg50-9048-900-0044 GMRESC R3","*00295*",
"296","296","te00296","COMPUMAX","EQUIPO DE COMPUTO","mon","11000","Compumax Computer ","KBM130091702","Campuslands","0","Salon Artemis ","te-Bodg50-9048-900-0044 GMRESC R3","*00296*",
"297","297","mou00297","COMPUMAX","EQUIPO DE COMPUTO","mon","11000","Compumax Computer ","KBM130091713 ","Campuslands","0","Salon Artemis ","mou-Bodg50-9048-900-0044 GMRESC R3","*00297*",
"298","298","cp00298","COMPUMAX","EQUIPO DE COMPUTO","mon","11000","Compumax Computer ","102SN55088","Campuslands","0","Salon Artemis ","cp-Bodg50-9048-900-0044 GMRESC R3","*00298*",
"299","299","mon00299","COMPUMAX","EQUIPO DE COMPUTO","mon","11000","Compumax Computer ","COM2024CM21070817","Campuslands","0","Salon Artemis ","mon-Bodg50-9048-900-0044 GMRESC R3","*00299*",
"300","300","te00300","COMPUMAX","EQUIPO DE COMPUTO","mon","11000","Compumax Computer ","KBM130090737","Campuslands","0","Salon Artemis ","te-Bodg50-9048-900-0044 GMRESC R3","*00300*",
"301","301","mou00301","COMPUMAX","EQUIPO DE COMPUTO","mon","11000","Compumax Computer ","KBM130091713 ","Campuslands","0","Salon Artemis ","mou-Bodg50-9048-900-0044 GMRESC R3","*00301*",
"302","302","cp00302","COMPUMAX","EQUIPO DE COMPUTO","mon","11000","Compumax Computer ","400SN39226","Campuslands","0","Salon Artemis ","cp-Bodg50-9048-900-0044 GMRESC R3","*00302*",
"303","303","mon00303","COMPUMAX","EQUIPO DE COMPUTO","mon","11000","Compumax Computer ","COM2024CM21070280","Campuslands","0","Salon Artemis ","mon-Bodg50-9048-900-0044 GMRESC R3","*00303*",
"304","304","te00304","COMPUMAX","EQUIPO DE COMPUTO","mon","11000","Compumax Computer ","KBM130090706","Campuslands","0","Salon Artemis ","te-Bodg50-9048-900-0044 GMRESC R3","*00304*",
"305","305","mou00305","COMPUMAX","EQUIPO DE COMPUTO","mon","11000","Compumax Computer ","KBM130091713 ","Campuslands","0","Salon Artemis ","mou-Bodg50-9048-900-0044 GMRESC R3","*00305*",
"306","306","cp00306","COMPUMAX","EQUIPO DE COMPUTO","mon","11000","Compumax Computer ","400SN39235","Campuslands","0","Salon Artemis ","cp-Bodg50-9048-900-0044 GMRESC R3","*00306*",
"307","307","mon00307","COMPUMAX","EQUIPO DE COMPUTO","mon","11000","Compumax Computer ","COM2024CM21070668","Campuslands","0","Salon Artemis ","mon-Bodg50-9048-900-0044 GMRESC R3","*00307*",
"308","308","te00308","COMPUMAX","EQUIPO DE COMPUTO","mon","11000","Compumax Computer ","KBM130090707","Campuslands","0","Salon Artemis ","te-Bodg50-9048-900-0044 GMRESC R3","*00308*",
"309","309","mou00309","COMPUMAX","EQUIPO DE COMPUTO","mon","11000","Compumax Computer ","KBM130091713 ","Campuslands","0","Salon Artemis ","mou-Bodg50-9048-900-0044 GMRESC R3","*00309*",
"310","310","cp00310","COMPUMAX","EQUIPO DE COMPUTO","mon","11000","Compumax Computer ","400SN39188","Campuslands","0","Salon Artemis ","cp-Bodg50-9048-900-0044 GMRESC R3","*00310*",
"311","311","mon00311","COMPUMAX","EQUIPO DE COMPUTO","mon","11000","Compumax Computer ","COM2024CM21070138","Campuslands","0","Salon Artemis ","mon-Bodg50-9048-900-0044 GMRESC R3","*00311*",
"312","312","te00312","COMPUMAX","EQUIPO DE COMPUTO","mon","11000","Compumax Computer ","KBM130091729","Campuslands","0","Salon Artemis ","te-Bodg50-9048-900-0044 GMRESC R3","*00312*",
"313","313","mou00313","COMPUMAX","EQUIPO DE COMPUTO","mon","11000","Compumax Computer ","KBM130091713 ","Campuslands","0","Salon Artemis ","mou-Bodg50-9048-900-0044 GMRESC R3","*00313*",
"314","314","cp00314","COMPUMAX","EQUIPO DE COMPUTO","mon","11000","Compumax Computer ","400SN39209","Campuslands","0","Salon Artemis ","cp-Bodg50-9048-900-0044 GMRESC R3","*00314*",
"315","315","mon00315","COMPUMAX","EQUIPO DE COMPUTO","mon","11000","Compumax Computer ","COM2024CM21070451","Campuslands","0","Salon Artemis ","mon-Bodg50-9048-900-0044 GMRESC R3","*00315*",
"316","316","te00316","COMPUMAX","EQUIPO DE COMPUTO","mon","11000","Compumax Computer ","KBM130090730","Campuslands","0","Salon Artemis ","te-Bodg50-9048-900-0044 GMRESC R3","*00316*",
"317","317","mou00317","COMPUMAX","EQUIPO DE COMPUTO","mon","11000","Compumax Computer ","KBM130091713 ","Campuslands","0","Salon Artemis ","mou-Bodg50-9048-900-0044 GMRESC R3","*00317*",
"318","318","cp00318","COMPUMAX","EQUIPO DE COMPUTO","mon","11000","Compumax Computer ","102SN55110","Campuslands","0","Salon Artemis ","cp-Bodg50-9048-900-0044 GMRESC R3","*00318*",
"319","319","mon00319","COMPUMAX","EQUIPO DE COMPUTO","mon","11000","Compumax Computer ","COM2024CM21070012","Campuslands","0","Salon Artemis ","mon-Bodg50-9048-900-0044 GMRESC R3","*00319*",
"320","320","te00320","COMPUMAX","EQUIPO DE COMPUTO","mon","11000","Compumax Computer ","KBM130091730","Campuslands","0","Salon Artemis ","te-Bodg50-9048-900-0044 GMRESC R3","*00320*",
"321","321","mou00321","COMPUMAX","EQUIPO DE COMPUTO","mon","11000","Compumax Computer ","KBM130091713 ","Campuslands","0","Salon Artemis ","mou-Bodg50-9048-900-0044 GMRESC R3","*00321*",
"322","322","cp00322","COMPUMAX","EQUIPO DE COMPUTO","mon","11000","Compumax Computer ","102SN55109","Campuslands","0","Salon Artemis ","cp-Bodg50-9048-900-0044 GMRESC R3","*00322*",
"323","323","mon00323","COMPUMAX","EQUIPO DE COMPUTO","mon","11000","Compumax Computer ","COM2024CM21070786","Campuslands","0","Salon Artemis ","mon-Bodg50-9048-900-0044 GMRESC R3","*00323*",
"324","324","te00324","COMPUMAX","EQUIPO DE COMPUTO","mon","11000","Compumax Computer ","KBM130090296","Campuslands","0","Salon Artemis ","te-Bodg50-9048-900-0044 GMRESC R3","*00324*",
"325","325","mou00325","COMPUMAX","EQUIPO DE COMPUTO","mon","11000","Compumax Computer ","KBM130091713 ","Campuslands","0","Salon Artemis ","mou-Bodg50-9048-900-0044 GMRESC R3","*00325*",
"326","326","cp00326","COMPUMAX","EQUIPO DE COMPUTO","mon","11000","Compumax Computer ","102SN55103","Campuslands","0","Salon Artemis ","cp-Bodg50-9048-900-0044 GMRESC R3","*00326*",
"327","327","mon00327","COMPUMAX","EQUIPO DE COMPUTO","mon","11000","Compumax Computer ","COM2024CM21070515","Campuslands","0","Salon Artemis ","mon-Bodg50-9048-900-0044 GMRESC R3","*00327*",
"328","328","te00328","COMPUMAX","EQUIPO DE COMPUTO","mon","11000","Compumax Computer ","KBM130090724","Campuslands","0","Salon Artemis ","te-Bodg50-9048-900-0044 GMRESC R3","*00328*",
"329","329","mou00329","COMPUMAX","EQUIPO DE COMPUTO","mon","11000","Compumax Computer ","KBM130091713 ","Campuslands","0","Salon Artemis ","mou-Bodg50-9048-900-0044 GMRESC R3","*00329*",
"330","330","cp00330","COMPUMAX","EQUIPO DE COMPUTO","mon","11000","Compumax Computer ","400SN39222","Campuslands","0","Salon Artemis ","cp-Bodg50-9048-900-0044 GMRESC R3","*00330*",
"331","331","mon00331","COMPUMAX","EQUIPO DE COMPUTO","mon","11000","Compumax Computer ","COM2024CM21070386","Campuslands","0","Salon Artemis ","mon-Bodg50-9048-900-0044 GMRESC R3","*00331*",
"332","332","te00332","COMPUMAX","EQUIPO DE COMPUTO","mon","11000","Compumax Computer ","KBM130091724","Campuslands","0","Salon Artemis ","te-Bodg50-9048-900-0044 GMRESC R3","*00332*",
"333","333","mou00333","COMPUMAX","EQUIPO DE COMPUTO","mon","11000","Compumax Computer ","KBM130091713 ","Campuslands","0","Salon Artemis ","mou-Bodg50-9048-900-0044 GMRESC R3","*00333*",
"334","334","cp00334","COMPUMAX","EQUIPO DE COMPUTO","mon","11000","Compumax Computer ","102SN55090","Campuslands","0","Salon Artemis ","cp-Bodg50-9048-900-0044 GMRESC R3","*00334*",
"335","335","mon00335","COMPUMAX","EQUIPO DE COMPUTO","mon","11000","Compumax Computer ","COM2024CM21070777","Campuslands","0","Salon Artemis ","mon-Bodg50-9048-900-0044 GMRESC R3","*00335*",
"336","336","te00336","COMPUMAX","EQUIPO DE COMPUTO","mon","11000","Compumax Computer ","KBM130091723","Campuslands","0","Salon Artemis ","te-Bodg50-9048-900-0044 GMRESC R3","*00336*",
"337","337","mou00337","COMPUMAX","EQUIPO DE COMPUTO","mon","11000","Compumax Computer ","KBM130091713 ","Campuslands","0","Salon Artemis ","mou-Bodg50-9048-900-0044 GMRESC R3","*00337*",
"338","338","cp00338","COMPUMAX","EQUIPO DE COMPUTO","mon","11000","Compumax Computer ","102SN55076","Campuslands","0","Salon Artemis ","cp-Bodg50-9048-900-0044 GMRESC R3","*00338*",
"339","339","mon00339","COMPUMAX","EQUIPO DE COMPUTO","mon","11000","Compumax Computer ","COM2024CM21070025","Campuslands","0","Salon Artemis ","mon-Bodg50-9048-900-0044 GMRESC R3","*00339*",
"340","340","te00340","COMPUMAX","EQUIPO DE COMPUTO","mon","11000","Compumax Computer ","KBM130091720","Campuslands","0","Salon Artemis ","te-Bodg50-9048-900-0044 GMRESC R3","*00340*",
"341","341","mou00341","COMPUMAX","EQUIPO DE COMPUTO","mon","11000","Compumax Computer ","KBM130091713 ","Campuslands","0","Salon Artemis ","mou-Bodg50-9048-900-0044 GMRESC R3","*00341*",
"342","342","cp00342","COMPUMAX","EQUIPO DE COMPUTO","mon","11000","Compumax Computer ","400SN39225","Campuslands","0","Salon Artemis ","cp-Bodg50-9048-900-0044 GMRESC R3","*00342*",
"343","343","mon00343","COMPUMAX","EQUIPO DE COMPUTO","mon","11000","Compumax Computer ","COM2024CM21070137","Campuslands","0","Salon Artemis ","mon-Bodg50-9048-900-0044 GMRESC R3","*00343*",
"344","344","te00344","COMPUMAX","EQUIPO DE COMPUTO","mon","11000","Compumax Computer ","KBM130090747","Campuslands","0","Salon Artemis ","te-Bodg50-9048-900-0044 GMRESC R3","*00344*",
"345","345","mou00345","COMPUMAX","EQUIPO DE COMPUTO","mon","11000","Compumax Computer ","KBM130091713 ","Campuslands","0","Salon Artemis ","mou-Bodg50-9048-900-0044 GMRESC R3","*00345*",
"346","346","cp00346","COMPUMAX","EQUIPO DE COMPUTO","mon","11000","Compumax Computer ","102SN55094","Campuslands","0","Salon Artemis ","cp-Bodg50-9048-900-0044 GMRESC R3","*00346*",
"347","347","mon00347","COMPUMAX","EQUIPO DE COMPUTO","mon","11000","Compumax Computer ","COM2024CM21070565","Campuslands","0","Salon Artemis ","mon-Bodg50-9048-900-0044 GMRESC R3","*00347*",
"348","348","te00348","COMPUMAX","EQUIPO DE COMPUTO","mon","11000","Compumax Computer ","KBM130091736","Campuslands","0","Salon Artemis ","te-Bodg50-9048-900-0044 GMRESC R3","*00348*",
"349","349","mou00349","COMPUMAX","EQUIPO DE COMPUTO","mon","11000","Compumax Computer ","KBM130091713 ","Campuslands","0","Salon Artemis ","mou-Bodg50-9048-900-0044 GMRESC R3","*00349*",
"350","350","cp00350","COMPUMAX","EQUIPO DE COMPUTO","mon","11000","Compumax Computer ","400SN39228","Campuslands","0","Salon Artemis ","cp-Bodg50-9048-900-0044 GMRESC R3","*00350*",
"351","351","mon00351","COMPUMAX","EQUIPO DE COMPUTO","mon","11000","Compumax Computer ","COM2024CM21070574","Campuslands","0","Salon Artemis ","mon-Bodg50-9048-900-0044 GMRESC R3","*00351*",
"352","352","te00352","COMPUMAX","EQUIPO DE COMPUTO","mon","11000","Compumax Computer ","KBM130090721","Campuslands","0","Salon Artemis ","te-Bodg50-9048-900-0044 GMRESC R3","*00352*",
"353","353","mou00353","COMPUMAX","EQUIPO DE COMPUTO","mon","11000","Compumax Computer ","KBM130091713 ","Campuslands","0","Salon Artemis ","mou-Bodg50-9048-900-0044 GMRESC R3","*00353*",
"354","354","cp00354","COMPUMAX","EQUIPO DE COMPUTO","mon","11000","Compumax Computer ","400SN39205","Campuslands","0","Salon Artemis ","cp-Bodg50-9048-900-0044 GMRESC R3","*00354*",
"355","355","mon00355","COMPUMAX","EQUIPO DE COMPUTO","mon","11000","Compumax Computer ","COM2024CM21070092","Campuslands","0","Salon Artemis ","mon-Bodg50-9048-900-0044 GMRESC R3","*00355*",
"356","356","te00356","COMPUMAX","EQUIPO DE COMPUTO","mon","11000","Compumax Computer ","KBM130090720","Campuslands","0","Salon Artemis ","te-Bodg50-9048-900-0044 GMRESC R3","*00356*",
"357","357","mou00357","COMPUMAX","EQUIPO DE COMPUTO","mon","11000","Compumax Computer ","KBM130091713 ","Campuslands","0","Salon Artemis ","mou-Bodg50-9048-900-0044 GMRESC R3","*00357*",
"358","358","cp00358","COMPUMAX","EQUIPO DE COMPUTO","mon","11000","Compumax Computer ","102SN55087","Campuslands","0","Salon Artemis ","cp-Bodg50-9048-900-0044 GMRESC R3","*00358*",
"359","359","mon00359","COMPUMAX","EQUIPO DE COMPUTO","mon","11000","Compumax Computer ","COM2024CM21070318","Campuslands","0","Salon Artemis ","mon-Bodg50-9048-900-0044 GMRESC R3","*00359*",
"360","360","te00360","COMPUMAX","EQUIPO DE COMPUTO","mon","11000","Compumax Computer ","KBM130091722","Campuslands","0","Salon Artemis ","te-Bodg50-9048-900-0044 GMRESC R3","*00360*",
"361","361","mou00361","COMPUMAX","EQUIPO DE COMPUTO","mon","11000","Compumax Computer ","KBM130091713 ","Campuslands","0","Salon Artemis ","mou-Bodg50-9048-900-0044 GMRESC R3","*00361*",
"362","362","cp00362","COMPUMAX","EQUIPO DE COMPUTO","mon","11000","Compumax Computer ","400SN39177","Campuslands","0","Salon Artemis ","cp-Bodg50-9048-900-0044 GMRESC R3","*00362*",
"363","363","mon00363","COMPUMAX","EQUIPO DE COMPUTO","mon","11000","Compumax Computer ","COM2024CM21070834","Campuslands","0","Salon Artemis ","mon-Bodg50-9048-900-0044 GMRESC R3","*00363*",
"364","364","te00364","COMPUMAX","EQUIPO DE COMPUTO","mon","11000","Compumax Computer ","KBM130091721","Campuslands","0","Salon Artemis ","te-Bodg50-9048-900-0044 GMRESC R3","*00364*",
"365","365","mou00365","COMPUMAX","EQUIPO DE COMPUTO","mon","11000","Compumax Computer ","KBM130091713 ","Campuslands","0","Salon Artemis ","mou-Bodg50-9048-900-0044 GMRESC R3","*00365*",
"366","366","cp00366","COMPUMAX","EQUIPO DE COMPUTO","mon","11000","Compumax Computer ","102SN55102","Campuslands","0","Salon Artemis ","cp-Bodg50-9048-900-0044 GMRESC R3","*00366*",
"367","367","mon00367","COMPUMAX","EQUIPO DE COMPUTO","mon","11000","Compumax Computer ","COM2024CM21070199","Campuslands","0","Salon Artemis ","mon-Bodg50-9048-900-0044 GMRESC R3","*00367*",
"368","368","te00368","COMPUMAX","EQUIPO DE COMPUTO","mon","11000","Compumax Computer ","KBM130090736","Campuslands","0","Salon Artemis ","te-Bodg50-9048-900-0044 GMRESC R3","*00368*",
"369","369","mou00369","COMPUMAX","EQUIPO DE COMPUTO","mon","11000","Compumax Computer ","KBM130091713 ","Campuslands","0","Salon Artemis ","mou-Bodg50-9048-900-0044 GMRESC R3","*00369*",
"370","370","cp00370","COMPUMAX","EQUIPO DE COMPUTO","mon","11000","Compumax Computer ","400SN39234","Campuslands","0","Salon Artemis ","cp-Bodg50-9048-900-0044 GMRESC R3","*00370*",
"371","371","mon00371","COMPUMAX","EQUIPO DE COMPUTO","mon","11000","Compumax Computer ","COM2024CM21070503","Campuslands","0","Salon Artemis ","mon-Bodg50-9048-900-0044 GMRESC R3","*00371*",
"372","372","te00372","COMPUMAX","EQUIPO DE COMPUTO","mon","11000","Compumax Computer ","KBM130091738","Campuslands","0","Salon Artemis ","te-Bodg50-9048-900-0044 GMRESC R3","*00372*",
"373","373","mou00373","COMPUMAX","EQUIPO DE COMPUTO","mon","11000","Compumax Computer ","KBM130091713 ","Campuslands","0","Salon Artemis ","mou-Bodg50-9048-900-0044 GMRESC R3","*00373*",
"374","374","cp00374","COMPUMAX","EQUIPO DE COMPUTO","mon","11000","Compumax Computer ","400SN39174","Campuslands","0","Salon Artemis ","cp-Bodg50-9048-900-0044 GMRESC R3","*00374*",
"375","375","mon00375","COMPUMAX","EQUIPO DE COMPUTO","mon","11000","Compumax Computer ","COM2024CM21070236","Campuslands","0","Salon Artemis ","mon-Bodg50-9048-900-0044 GMRESC R3","*00375*",
"376","376","te00376","COMPUMAX","EQUIPO DE COMPUTO","mon","11000","Compumax Computer ","KBM130090702","Campuslands","0","Salon Artemis ","te-Bodg50-9048-900-0044 GMRESC R3","*00376*",
"377","377","mou00377","COMPUMAX","EQUIPO DE COMPUTO","mon","11000","Compumax Computer ","KBM130091713 ","Campuslands","0","Salon Artemis ","mou-Bodg50-9048-900-0044 GMRESC R3","*00377*",
"378","378","cp00378","COMPUMAX","EQUIPO DE COMPUTO","mon","11000","Compumax Computer ","102SN55095","Campuslands","0","Salon Artemis ","cp-Bodg50-9048-900-0044 GMRESC R3","*00378*",
"379","379","mon00379","COMPUMAX","EQUIPO DE COMPUTO","mon","11000","Compumax Computer ","COM2024CM21070097","Campuslands","0","Salon Artemis ","mon-Bodg50-9048-900-0044 GMRESC R3","*00379*",
"380","380","te00380","COMPUMAX","EQUIPO DE COMPUTO","mon","11000","Compumax Computer ","KBM130091745","Campuslands","0","Salon Artemis ","te-Bodg50-9048-900-0044 GMRESC R3","*00380*",
"381","381","mou00381","COMPUMAX","EQUIPO DE COMPUTO","mon","11000","Compumax Computer ","KBM130091713 ","Campuslands","0","Salon Artemis ","mou-Bodg50-9048-900-0044 GMRESC R3","*00381*",
"382","382","cp00382","COMPUMAX","EQUIPO DE COMPUTO","mon","11000","Compumax Computer ","102SN55086","Campuslands","0","Salon Artemis ","cp-Bodg50-9048-900-0044 GMRESC R3","*00382*",
"383","383","mon00383","COMPUMAX","EQUIPO DE COMPUTO","mon","11000","Compumax Computer ","COM2024CM21070239","Campuslands","0","Salon Artemis ","mon-Bodg50-9048-900-0044 GMRESC R3","*00383*",
"384","384","te00384","COMPUMAX","EQUIPO DE COMPUTO","mon","11000","Compumax Computer ","KBM130090746","Campuslands","0","Salon Artemis ","te-Bodg50-9048-900-0044 GMRESC R3","*00384*",
"385","385","mou00385","COMPUMAX","EQUIPO DE COMPUTO","mon","11000","Compumax Computer ","KBM130091713 ","Campuslands","0","Salon Artemis ","mou-Bodg50-9048-900-0044 GMRESC R3","*00385*",
"386","386","cp00386","COMPUMAX","EQUIPO DE COMPUTO","mon","11000","Compumax Computer ","400SN39172","Campuslands","0","Salon Artemis ","cp-Bodg50-9048-900-0044 GMRESC R3","*00386*",
"387","387","mon00387","COMPUMAX","EQUIPO DE COMPUTO","mon","11000","Compumax Computer ","COM2024CM21070442","Campuslands","0","Salon Artemis ","mon-Bodg50-9048-900-0044 GMRESC R3","*00387*",
"388","388","te00388","COMPUMAX","EQUIPO DE COMPUTO","mon","11000","Compumax Computer ","KBM130091746","Campuslands","0","Salon Artemis ","te-Bodg50-9048-900-0044 GMRESC R3","*00388*",
"389","389","mou00389","COMPUMAX","EQUIPO DE COMPUTO","mon","11000","Compumax Computer ","KBM130091713 ","Campuslands","0","Salon Artemis ","mou-Bodg50-9048-900-0044 GMRESC R3","*00389*",
"390","390","cp00390","COMPUMAX","EQUIPO DE COMPUTO","mon","11000","Compumax Computer ","102SN55083","Campuslands","0","Salon Artemis ","cp-Bodg50-9048-900-0044 GMRESC R3","*00390*",
"391","391","mon00391","COMPUMAX","EQUIPO DE COMPUTO","mon","11000","Compumax Computer ","COM2024CM21070223","Campuslands","0","Salon Artemis ","mon-Bodg50-9048-900-0044 GMRESC R3","*00391*",
"392","392","te00392","COMPUMAX","EQUIPO DE COMPUTO","mon","11000","Compumax Computer ","KBM130091747","Campuslands","0","Salon Artemis ","te-Bodg50-9048-900-0044 GMRESC R3","*00392*",
"393","393","mou00393","COMPUMAX","EQUIPO DE COMPUTO","mon","11000","Compumax Computer ","KBM130091713 ","Campuslands","0","Salon Artemis ","mou-Bodg50-9048-900-0044 GMRESC R3","*00393*",
"394","394","cp00394","COMPUMAX","EQUIPO DE COMPUTO","mon","11000","Compumax Computer ","400SN39215","Campuslands","0","Salon Artemis ","cp-Bodg50-9048-900-0044 GMRESC R3","*00394*",
"395","395","mon00395","COMPUMAX","EQUIPO DE COMPUTO","mon","11000","Compumax Computer ","COM2024CM21070482","Campuslands","0","Salon Artemis ","mon-Bodg50-9048-900-0044 GMRESC R3","*00395*",
"396","396","te00396","COMPUMAX","EQUIPO DE COMPUTO","mon","11000","Compumax Computer ","KBM130091744","Campuslands","0","Salon Artemis ","te-Bodg50-9048-900-0044 GMRESC R3","*00396*",
"397","397","mou00397","COMPUMAX","EQUIPO DE COMPUTO","mon","11000","Compumax Computer ","KBM130091713 ","Campuslands","0","Salon Artemis ","mou-Bodg50-9048-900-0044 GMRESC R3","*00397*",
"398","398","cp00398","COMPUMAX","EQUIPO DE COMPUTO","mon","11000","Compumax Computer ","400SN39227","Campuslands","0","Salon Artemis ","cp-Bodg50-9048-900-0044 GMRESC R3","*00398*",
"399","399","mon00399","COMPUMAX","EQUIPO DE COMPUTO","mon","11000","Compumax Computer ","COM2024CM21070844","Campuslands","0","Salon Artemis ","mon-Bodg50-9048-900-0044 GMRESC R3","*00399*",
"400","400","te00400","COMPUMAX","EQUIPO DE COMPUTO","mon","11000","Compumax Computer ","KBM130090744","Campuslands","0","Salon Artemis ","te-Bodg50-9048-900-0044 GMRESC R3","*00400*",
"401","401","mou00401","COMPUMAX","EQUIPO DE COMPUTO","mon","11000","Compumax Computer ","KBM130091713 ","Campuslands","0","Salon Artemis ","mou-Bodg50-9048-900-0044 GMRESC R3","*00401*",
"402","402","cp00402","COMPUMAX","EQUIPO DE COMPUTO","mon","11000","Compumax Computer ","400SN39169","Campuslands","0","Salon Artemis ","cp-Bodg50-9048-900-0044 GMRESC R3","*00402*",
"403","403","mon00403","COMPUMAX","EQUIPO DE COMPUTO","mon","11000","Compumax Computer ","COM2024CM21070418","Campuslands","0","Salon Artemis ","mon-Bodg50-9048-900-0044 GMRESC R3","*00403*",
"404","404","te00404","COMPUMAX","EQUIPO DE COMPUTO","mon","11000","Compumax Computer ","KBM130090752","Campuslands","0","Salon Artemis ","te-Bodg50-9048-900-0044 GMRESC R3","*00404*",
"405","405","mou00405","COMPUMAX","EQUIPO DE COMPUTO","mon","11000","Compumax Computer ","KBM130091713 ","Campuslands","0","Salon Artemis ","mou-Bodg50-9048-900-0044 GMRESC R3","*00405*",
"406","406","cp00406","COMPUMAX","EQUIPO DE COMPUTO","mon","11000","Compumax Computer ","500SN32576","Campuslands","0","Salon Skylab","cp-Bodg50-4051-900-0005R5","*00406*",
"407","407","mon00407","COMPUMAX","EQUIPO DE COMPUTO","mon","11000","Compumax Computer ","COM2024CM21070597","Campuslands","0","Salon Skylab","mon-Bodg50-4051-900-0005R5","*00407*",
"408","408","te00408","COMPUMAX","EQUIPO DE COMPUTO","mon","11000","Compumax Computer ","CK440U-10923","Campuslands","0","Salon Skylab","te-Bodg50-4051-900-0005R5","*00408*",
"409","409","mou00409","COMPUMAX","EQUIPO DE COMPUTO","mon","11000","Compumax Computer ","KBM130091713 ","Campuslands","0","Salon Skylab","mou-Bodg50-4051-900-0005R5","*00409*",
"410","410","cp00410","COMPUMAX","EQUIPO DE COMPUTO","mon","11000","Compumax Computer ","500SN32598","Campuslands","0","Salon Skylab","cp-Bodg50-4051-900-0005R5","*00410*",
"411","411","mon00411","COMPUMAX","EQUIPO DE COMPUTO","mon","11000","Compumax Computer ","COM2024CM21070864","Campuslands","0","Salon Skylab","mon-Bodg50-4051-900-0005R5","*00411*",
"412","412","te00412","COMPUMAX","EQUIPO DE COMPUTO","mon","11000","Compumax Computer ","CK440U-10924","Campuslands","0","Salon Skylab","te-Bodg50-4051-900-0005R5","*00412*",
"413","413","mou00413","COMPUMAX","EQUIPO DE COMPUTO","mon","11000","Compumax Computer ","KBM130091713 ","Campuslands","0","Salon Skylab","mou-Bodg50-4051-900-0005R5","*00413*",
"414","414","cp00414","COMPUMAX","EQUIPO DE COMPUTO","mon","11000","Compumax Computer ","500SN32557","Campuslands","0","Salon Skylab","cp-Bodg50-4051-900-0005R5","*00414*",
"415","415","mon00415","COMPUMAX","EQUIPO DE COMPUTO","mon","11000","Compumax Computer ","COM2024CM21070602","Campuslands","0","Salon Skylab","mon-Bodg50-4051-900-0005R5","*00415*",
"416","416","te00416","COMPUMAX","EQUIPO DE COMPUTO","mon","11000","Compumax Computer ","CK440U-10925","Campuslands","0","Salon Skylab","te-Bodg50-4051-900-0005R5","*00416*",
"417","417","mou00417","COMPUMAX","EQUIPO DE COMPUTO","mon","11000","Compumax Computer ","KBM130091713 ","Campuslands","0","Salon Skylab","mou-Bodg50-4051-900-0005R5","*00417*",
"418","418","cp00418","COMPUMAX","EQUIPO DE COMPUTO","mon","11000","Compumax Computer ","500SN32564","Campuslands","0","Salon Skylab","cp-Bodg50-4051-900-0005R5","*00418*",
"419","419","mon00419","COMPUMAX","EQUIPO DE COMPUTO","mon","11000","Compumax Computer ","COM2024CM21070823","Campuslands","0","Salon Skylab","mon-Bodg50-4051-900-0005R5","*00419*",
"420","420","te00420","COMPUMAX","EQUIPO DE COMPUTO","mon","11000","Compumax Computer ","CK440U-10926","Campuslands","0","Salon Skylab","te-Bodg50-4051-900-0005R5","*00420*",
"421","421","mou00421","COMPUMAX","EQUIPO DE COMPUTO","mon","11000","Compumax Computer ","KBM130091713 ","Campuslands","0","Salon Skylab","mou-Bodg50-4051-900-0005R5","*00421*",
"422","422","cp00422","COMPUMAX","EQUIPO DE COMPUTO","mon","11000","Compumax Computer ","500SN32556","Campuslands","0","Salon Skylab","cp-Bodg50-4051-900-0005R5","*00422*",
"423","423","mon00423","COMPUMAX","EQUIPO DE COMPUTO","mon","11000","Compumax Computer ","COM2024CM21070855","Campuslands","0","Salon Skylab","mon-Bodg50-4051-900-0005R5","*00423*",
"424","424","te00424","COMPUMAX","EQUIPO DE COMPUTO","mon","11000","Compumax Computer ","CK440U-10927","Campuslands","0","Salon Skylab","te-Bodg50-4051-900-0005R5","*00424*",
"425","425","mou00425","COMPUMAX","EQUIPO DE COMPUTO","mon","11000","Compumax Computer ","KBM130091713 ","Campuslands","0","Salon Skylab","mou-Bodg50-4051-900-0005R5","*00425*",
"426","426","cp00426","COMPUMAX","EQUIPO DE COMPUTO","mon","11000","Compumax Computer ","500SN32571","Campuslands","0","Salon Skylab","cp-Bodg50-4051-900-0005R5","*00426*",
"427","427","mon00427","COMPUMAX","EQUIPO DE COMPUTO","mon","11000","Compumax Computer ","COM2024CM21070180","Campuslands","0","Salon Skylab","mon-Bodg50-4051-900-0005R5","*00427*",
"428","428","te00428","COMPUMAX","EQUIPO DE COMPUTO","mon","11000","Compumax Computer ","CK440U-10936","Campuslands","0","Salon Skylab","te-Bodg50-4051-900-0005R5","*00428*",
"429","429","mou00429","COMPUMAX","EQUIPO DE COMPUTO","mon","11000","Compumax Computer ","KBM130091713 ","Campuslands","0","Salon Skylab","mou-Bodg50-4051-900-0005R5","*00429*",
"430","430","cp00430","COMPUMAX","EQUIPO DE COMPUTO","mon","11000","Compumax Computer ","500SN32591","Campuslands","0","Salon Skylab","cp-Bodg50-4051-900-0005R5","*00430*",
"431","431","mon00431","COMPUMAX","EQUIPO DE COMPUTO","mon","11000","Compumax Computer ","COM2024CM21070122","Campuslands","0","Salon Skylab","mon-Bodg50-4051-900-0005R5","*00431*",
"432","432","te00432","COMPUMAX","EQUIPO DE COMPUTO","mon","11000","Compumax Computer ","CK440U-10937","Campuslands","0","Salon Skylab","te-Bodg50-4051-900-0005R5","*00432*",
"433","433","mou00433","COMPUMAX","EQUIPO DE COMPUTO","mon","11000","Compumax Computer ","KBM130091713 ","Campuslands","0","Salon Skylab","mou-Bodg50-4051-900-0005R5","*00433*",
"434","434","cp00434","COMPUMAX","EQUIPO DE COMPUTO","mon","11000","Compumax Computer ","500SN32584","Campuslands","0","Salon Skylab","cp-Bodg50-4051-900-0005R5","*00434*",
"435","435","mon00435","COMPUMAX","EQUIPO DE COMPUTO","mon","11000","Compumax Computer ","COM2024CM21070784","Campuslands","0","Salon Skylab","mon-Bodg50-4051-900-0005R5","*00435*",
"436","436","te00436","COMPUMAX","EQUIPO DE COMPUTO","mon","11000","Compumax Computer ","CK440U-10935","Campuslands","0","Salon Skylab","te-Bodg50-4051-900-0005R5","*00436*",
"437","437","mou00437","COMPUMAX","EQUIPO DE COMPUTO","mon","11000","Compumax Computer ","KBM130091713 ","Campuslands","0","Salon Skylab","mou-Bodg50-4051-900-0005R5","*00437*",
"438","438","cp00438","COMPUMAX","EQUIPO DE COMPUTO","mon","11000","Compumax Computer ","500SN32627","Campuslands","0","Salon Skylab","cp-Bodg50-4051-900-0005R5","*00438*",
"439","439","mon00439","COMPUMAX","EQUIPO DE COMPUTO","mon","11000","Compumax Computer ","COM2024CM21070095","Campuslands","0","Salon Skylab","mon-Bodg50-4051-900-0005R5","*00439*",
"440","440","te00440","COMPUMAX","EQUIPO DE COMPUTO","mon","11000","Compumax Computer ","CK440U-10974","Campuslands","0","Salon Skylab","te-Bodg50-4051-900-0005R5","*00440*",
"441","441","mou00441","COMPUMAX","EQUIPO DE COMPUTO","mon","11000","Compumax Computer ","KBM130091713 ","Campuslands","0","Salon Skylab","mou-Bodg50-4051-900-0005R5","*00441*",
"442","442","cp00442","COMPUMAX","EQUIPO DE COMPUTO","mon","11000","Compumax Computer ","500SN32621","Campuslands","0","Salon Skylab","cp-Bodg50-4051-900-0005R5","*00442*",
"443","443","mon00443","COMPUMAX","EQUIPO DE COMPUTO","mon","11000","Compumax Computer ","COM2024CM21070221","Campuslands","0","Salon Skylab","mon-Bodg50-4051-900-0005R5","*00443*",
"444","444","te00444","COMPUMAX","EQUIPO DE COMPUTO","mon","11000","Compumax Computer ","CK440U-10932","Campuslands","0","Salon Skylab","te-Bodg50-4051-900-0005R5","*00444*",
"445","445","mou00445","COMPUMAX","EQUIPO DE COMPUTO","mon","11000","Compumax Computer ","KBM130091713 ","Campuslands","0","Salon Skylab","mou-Bodg50-4051-900-0005R5","*00445*",
"446","446","cp00446","COMPUMAX","EQUIPO DE COMPUTO","mon","11000","Compumax Computer ","500SN32588","Campuslands","0","Salon Skylab","cp-Bodg50-4051-900-0005R5","*00446*",
"447","447","mon00447","COMPUMAX","EQUIPO DE COMPUTO","mon","11000","Compumax Computer ","COM2024CM21070836","Campuslands","0","Salon Skylab","mon-Bodg50-4051-900-0005R5","*00447*",
"448","448","te00448","COMPUMAX","EQUIPO DE COMPUTO","mon","11000","Compumax Computer ","CK440U-10934","Campuslands","0","Salon Skylab","te-Bodg50-4051-900-0005R5","*00448*",
"449","449","mou00449","COMPUMAX","EQUIPO DE COMPUTO","mon","11000","Compumax Computer ","KBM130091713 ","Campuslands","0","Salon Skylab","mou-Bodg50-4051-900-0005R5","*00449*",
"450","450","cp00450","COMPUMAX","EQUIPO DE COMPUTO","mon","11000","Compumax Computer ","500SN32626","Campuslands","0","Salon Skylab","cp-Bodg50-4051-900-0005R5","*00450*",
"451","451","mon00451","COMPUMAX","EQUIPO DE COMPUTO","mon","11000","Compumax Computer ","COM2024CM21070776","Campuslands","0","Salon Skylab","mon-Bodg50-4051-900-0005R5","*00451*",
"452","452","te00452","COMPUMAX","EQUIPO DE COMPUTO","mon","11000","Compumax Computer ","CK440U-10933","Campuslands","0","Salon Skylab","te-Bodg50-4051-900-0005R5","*00452*",
"453","453","mou00453","COMPUMAX","EQUIPO DE COMPUTO","mon","11000","Compumax Computer ","KBM130091713 ","Campuslands","0","Salon Skylab","mou-Bodg50-4051-900-0005R5","*00453*",
"454","454","cp00454","COMPUMAX","EQUIPO DE COMPUTO","mon","11000","Compumax Computer ","500SN32596","Campuslands","0","Salon Skylab","cp-Bodg50-4051-900-0005R5","*00454*",
"455","455","mon00455","COMPUMAX","EQUIPO DE COMPUTO","mon","11000","Compumax Computer ","COM2024CM21070605","Campuslands","0","Salon Skylab","mon-Bodg50-4051-900-0005R5","*00455*",
"456","456","te00456","COMPUMAX","EQUIPO DE COMPUTO","mon","11000","Compumax Computer ","CK440U-10928","Campuslands","0","Salon Skylab","te-Bodg50-4051-900-0005R5","*00456*",
"457","457","mou00457","COMPUMAX","EQUIPO DE COMPUTO","mon","11000","Compumax Computer ","KBM130091713 ","Campuslands","0","Salon Skylab","mou-Bodg50-4051-900-0005R5","*00457*",
"458","458","cp00458","COMPUMAX","EQUIPO DE COMPUTO","mon","11000","Compumax Computer ","500SN32567","Campuslands","0","Salon Skylab","cp-Bodg50-4051-900-0005R5","*00458*",
"459","459","mon00459","COMPUMAX","EQUIPO DE COMPUTO","mon","11000","Compumax Computer ","COM2024CM21070511","Campuslands","0","Salon Skylab","mon-Bodg50-4051-900-0005R5","*00459*",
"460","460","te00460","COMPUMAX","EQUIPO DE COMPUTO","mon","11000","Compumax Computer ","CK440U-11024","Campuslands","0","Salon Skylab","te-Bodg50-4051-900-0005R5","*00460*",
"461","461","mou00461","COMPUMAX","EQUIPO DE COMPUTO","mon","11000","Compumax Computer ","KBM130091713 ","Campuslands","0","Salon Skylab","mou-Bodg50-4051-900-0005R5","*00461*",
"462","462","cp00462","COMPUMAX","EQUIPO DE COMPUTO","mon","11000","Compumax Computer ","500SN32585","Campuslands","0","Salon Skylab","cp-Bodg50-4051-900-0005R5","*00462*",
"463","463","mon00463","COMPUMAX","EQUIPO DE COMPUTO","mon","11000","Compumax Computer ","COM2024CM21070408","Campuslands","0","Salon Skylab","mon-Bodg50-4051-900-0005R5","*00463*",
"464","464","te00464","COMPUMAX","EQUIPO DE COMPUTO","mon","11000","Compumax Computer ","CK440U-10931","Campuslands","0","Salon Skylab","te-Bodg50-4051-900-0005R5","*00464*",
"465","465","mou00465","COMPUMAX","EQUIPO DE COMPUTO","mon","11000","Compumax Computer ","KBM130091713 ","Campuslands","0","Salon Skylab","mou-Bodg50-4051-900-0005R5","*00465*",
"466","466","cp00466","COMPUMAX","EQUIPO DE COMPUTO","mon","11000","Compumax Computer ","500SN32572","Campuslands","0","Salon Skylab","cp-Bodg50-4051-900-0005R5","*00466*",
"467","467","mon00467","COMPUMAX","EQUIPO DE COMPUTO","mon","11000","Compumax Computer ","COM2024CM21070209","Campuslands","0","Salon Skylab","mon-Bodg50-4051-900-0005R5","*00467*",
"468","468","te00468","COMPUMAX","EQUIPO DE COMPUTO","mon","11000","Compumax Computer ","CK440U-11023","Campuslands","0","Salon Skylab","te-Bodg50-4051-900-0005R5","*00468*",
"469","469","mou00469","COMPUMAX","EQUIPO DE COMPUTO","mon","11000","Compumax Computer ","KBM130091713 ","Campuslands","0","Salon Skylab","mou-Bodg50-4051-900-0005R5","*00469*",
"470","470","cp00470","COMPUMAX","EQUIPO DE COMPUTO","mon","11000","Compumax Computer ","500SN32599","Campuslands","0","Salon Skylab","cp-Bodg50-4051-900-0005R5","*00470*",
"471","471","mon00471","COMPUMAX","EQUIPO DE COMPUTO","mon","11000","Compumax Computer ","COM2024CM21070285","Campuslands","0","Salon Skylab","mon-Bodg50-4051-900-0005R5","*00471*",
"472","472","te00472","COMPUMAX","EQUIPO DE COMPUTO","mon","11000","Compumax Computer ","CK440U-11026","Campuslands","0","Salon Skylab","te-Bodg50-4051-900-0005R5","*00472*",
"473","473","mou00473","COMPUMAX","EQUIPO DE COMPUTO","mon","11000","Compumax Computer ","KBM130091713 ","Campuslands","0","Salon Skylab","mou-Bodg50-4051-900-0005R5","*00473*",
"474","474","cp00474","COMPUMAX","EQUIPO DE COMPUTO","mon","11000","Compumax Computer ","500SN32581","Campuslands","0","Salon Skylab","cp-Bodg50-4051-900-0005R5","*00474*",
"475","475","mon00475","COMPUMAX","EQUIPO DE COMPUTO","mon","11000","Compumax Computer ","COM2024CM21070086","Campuslands","0","Salon Skylab","mon-Bodg50-4051-900-0005R5","*00475*",
"476","476","te00476","COMPUMAX","EQUIPO DE COMPUTO","mon","11000","Compumax Computer ","CK440U-11025","Campuslands","0","Salon Skylab","te-Bodg50-4051-900-0005R5","*00476*",
"477","477","mou00477","COMPUMAX","EQUIPO DE COMPUTO","mon","11000","Compumax Computer ","KBM130091713 ","Campuslands","0","Salon Skylab","mou-Bodg50-4051-900-0005R5","*00477*",
"478","478","cp00478","COMPUMAX","EQUIPO DE COMPUTO","mon","11000","Compumax Computer ","500SN32619","Campuslands","0","Salon Skylab","cp-Bodg50-4051-900-0005R5","*00478*",
"479","479","mon00479","COMPUMAX","EQUIPO DE COMPUTO","mon","11000","Compumax Computer ","COM2024CM21070669","Campuslands","0","Salon Skylab","mon-Bodg50-4051-900-0005R5","*00479*",
"480","480","te00480","COMPUMAX","EQUIPO DE COMPUTO","mon","11000","Compumax Computer ","CK440U-10930","Campuslands","0","Salon Skylab","te-Bodg50-4051-900-0005R5","*00480*",
"481","481","mou00481","COMPUMAX","EQUIPO DE COMPUTO","mon","11000","Compumax Computer ","KBM130091713 ","Campuslands","0","Salon Skylab","mou-Bodg50-4051-900-0005R5","*00481*",
"482","482","cp00482","COMPUMAX","EQUIPO DE COMPUTO","mon","11000","Compumax Computer ","500SN32575","Campuslands","0","Salon Skylab","cp-Bodg50-4051-900-0005R5","*00482*",
"483","483","mon00483","COMPUMAX","EQUIPO DE COMPUTO","mon","11000","Compumax Computer ","COM2024CM21070692","Campuslands","0","Salon Skylab","mon-Bodg50-4051-900-0005R5","*00483*",
"484","484","te00484","COMPUMAX","EQUIPO DE COMPUTO","mon","11000","Compumax Computer ","CK440U-10929","Campuslands","0","Salon Skylab","te-Bodg50-4051-900-0005R5","*00484*",
"485","485","mou00485","COMPUMAX","EQUIPO DE COMPUTO","mon","11000","Compumax Computer ","KBM130091713 ","Campuslands","0","Salon Skylab","mou-Bodg50-4051-900-0005R5","*00485*",
"486","486","cp00486","COMPUMAX","EQUIPO DE COMPUTO","mon","11000","Compumax Computer ","500SN32595","Campuslands","0","Sala asesoria","cp-Bodg50-4051-900-0005R5","*00486*",
"487","487","mon00487","COMPUMAX","EQUIPO DE COMPUTO","mon","11000","Compumax Computer ","COM2024CM21070057","Campuslands","0","Sala asesoria","mon-Bodg50-4051-900-0005R5","*00487*",
"488","488","te00488","COMPUMAX","EQUIPO DE COMPUTO","mon","11000","Compumax Computer ","CK440U-10760","Campuslands","0","Sala asesoria","te-Bodg50-4051-900-0005R5","*00488*",
"489","489","mou00489","COMPUMAX","EQUIPO DE COMPUTO","mon","11000","Compumax Computer ","KBM130091713 ","Campuslands","0","Sala asesoria","mou-Bodg50-4051-900-0005R5","*00489*",
"490","490","cp00490","COMPUMAX","EQUIPO DE COMPUTO","mon","11000","Compumax Computer ","500SN32604","Campuslands","0","Sala asesoria","cp-Bodg50-4051-900-0005R5","*00490*",
"491","491","mon00491","COMPUMAX","EQUIPO DE COMPUTO","mon","11000","Compumax Computer ","COM2024CM21070575","Campuslands","0","Sala asesoria","mon-Bodg50-4051-900-0005R5","*00491*",
"492","492","te00492","COMPUMAX","EQUIPO DE COMPUTO","mon","11000","Compumax Computer ","CK440U-10656","Campuslands","0","Sala asesoria","te-Bodg50-4051-900-0005R5","*00492*",
